tick,phase,max_abs_diff,rmse_all,state_rmse_l0,state_rmse_l1,state_rmse_l2,weight_rmse_l0,weight_rmse_l1,error_rmse_l0,error_rmse_l1
0,infer,0.0,0.0,0.0,0.0,0.0,0.0,0.0,0.0,0.0
1,infer,4.768371586472142e-08,8.130006853036304e-09,0.0,1.1641532139325395e-11,3.769728732309794e-08,0.0,0.0,1.4567611546341556e-12,0.0
2,infer,4.768371586472142e-08,8.130009992081902e-09,0.0,2.3345818270094835e-11,3.769728732309794e-08,0.0,0.0,2.6468668447403432e-12,1.1641532139325395e-11
3,infer,4.768371586472142e-08,8.130016884705271e-09,0.0,3.6562067519548044e-11,3.769728732309794e-08,0.0,0.0,3.42403470162235e-12,2.3345818270094835e-11
4,infer,4.768371586472142e-08,8.13002488400943e-09,0.0,4.386594548627965e-11,3.769728732309794e-08,0.0,0.0,6.0927311772256295e-12,3.6562067519548044e-11
5,infer,4.768371586472142e-08,8.13002929232051e-09,0.0,4.607785513053111e-11,3.769728732309794e-08,0.0,0.0,4.001729685398562e-12,4.386594548627965e-11
6,infer,4.768371586472142e-08,8.130037436877748e-09,0.0,5.788514630819614e-11,3.769728732309794e-08,0.0,0.0,3.4976402639923903e-12,4.607785513053111e-11
7,infer,4.768371586472142e-08,8.130041041332161e-09,0.0,5.2453890939544646e-11,3.769728732309794e-08,0.0,0.0,3.825671923854058e-12,5.788514630819614e-11
8,infer,4.768371586472142e-08,8.130036328809687e-09,0.0,5.021423856691325e-11,3.769728732309794e-08,0.0,0.0,4.685857753824913e-12,5.2453890939544646e-11
9,infer,4.768371586472142e-08,8.13003457273773e-09,0.0,4.95310358446937e-11,3.769728732309794e-08,0.0,0.0,3.1835355404745607e-12,5.021423856691325e-11
10,infer,4.768371586472142e-08,8.130034069075267e-09,0.0,4.935467310153498e-11,3.769728732309794e-08,0.0,0.0,2.6202086250682596e-12,4.95310358446937e-11
11,infer,4.768371586472142e-08,8.130044740718629e-09,0.0,6.568625998691856e-11,3.769728732309794e-08,0.0,0.0,3.49224342625455e-12,4.935467310153498e-11
12,infer,4.768371586472142e-08,8.13005339618507e-09,0.0,6.282906267877375e-11,3.769728732309794e-08,0.0,0.0,3.738243986988461e-12,6.568625998691856e-11
13,infer,4.768371586472142e-08,8.130052163048943e-09,0.0,6.394825623509671e-11,3.769728732309794e-08,0.0,0.0,5.19470212298381e-12,6.282906267877375e-11
14,infer,4.768371586472142e-08,8.130052442226557e-09,0.0,6.328839284750844e-11,3.769728732309794e-08,0.0,0.0,3.848516694483871e-12,6.394825623509671e-11
15,infer,4.768371586472142e-08,8.130050547318882e-09,0.0,6.12792898419625e-11,3.769728732309794e-08,0.0,0.0,4.338039135977702e-12,6.328839284750844e-11
16,infer,4.768371586472142e-08,8.130060748260822e-09,0.0,7.601622684336834e-11,3.769728732309794e-08,0.0,0.0,5.6749407519513955e-12,6.12792898419625e-11
17,infer,4.768371586472142e-08,8.130082694345275e-09,0.0,8.697981284790946e-11,3.769728732309794e-08,0.0,0.0,8.158178536984274e-12,7.601622684336834e-11
18,infer,4.768371586472142e-08,8.130096285375802e-09,0.0,9.024484468439084e-11,3.769728732309794e-08,0.0,0.0,8.938455480623106e-12,8.697981284790946e-11
19,infer,4.768371586472142e-08,8.130100682492788e-09,0.0,9.131281556227977e-11,3.769728732309794e-08,0.0,0.0,8.639669823314975e-12,9.024484468439084e-11
20,infer,4.768371586472142e-08,8.130106981271648e-09,0.0,9.610150699042104e-11,3.769728732309794e-08,0.0,0.0,9.354099248345975e-12,9.131281556227977e-11
21,infer,4.768371586472142e-08,8.130102014446971e-09,0.0,8.652926815331017e-11,3.769728732309794e-08,0.0,0.0,8.012751506749878e-12,9.610150699042104e-11
22,infer,4.768371586472142e-08,8.130092781359204e-09,0.0,8.729524799842975e-11,3.769728732309794e-08,0.0,0.0,8.105599013209584e-12,8.652926815331017e-11
23,infer,4.768371586472142e-08,8.130080703705981e-09,0.0,7.345246362287681e-11,3.769728732309794e-08,0.0,0.0,6.344495444172139e-12,8.729524799842975e-11
24,infer,4.768371586472142e-08,8.130063686410535e-09,0.0,6.813970806285497e-11,3.769728732309794e-08,0.0,0.0,6.63981962731908e-12,7.345246362287681e-11
25,infer,4.768371586472142e-08,8.13005671708415e-09,0.0,6.472134431550727e-11,3.769728732309794e-08,0.0,0.0,5.324782320893607e-12,6.813970806285497e-11
26,infer,4.768371586472142e-08,8.130052677353895e-09,0.0,6.27010766430422e-11,3.769728732309794e-08,0.0,0.0,5.969967274890965e-12,6.472134431550727e-11
27,infer,4.768371586472142e-08,8.130046237029786e-09,0.0,5.5431404447056766e-11,3.769728732309794e-08,0.0,0.0,4.788721759630597e-12,6.27010766430422e-11
28,infer,4.768371586472142e-08,8.130039069957892e-09,0.0,5.175467188567948e-11,3.769728732309794e-08,0.0,0.0,4.803184775450645e-12,5.5431404447056766e-11
29,infer,4.768371586472142e-08,8.130040264280326e-09,0.0,5.723715390290736e-11,3.769728732309794e-08,0.0,0.0,5.4911272165436186e-12,5.175467188567948e-11
30,infer,4.768371586472142e-08,8.13004389551487e-09,0.0,5.7640770146555414e-11,3.769728732309794e-08,0.0,0.0,4.231148744821002e-12,5.723715390290736e-11
31,infer,4.768371586472142e-08,8.130040736297303e-09,0.0,5.2214154713972707e-11,3.769728732309794e-08,0.0,0.0,3.826659194618646e-12,5.7640770146555414e-11
32,infer,4.768371586472142e-08,8.130035809236625e-09,0.0,4.964855961572357e-11,3.769728732309794e-08,0.0,0.0,3.1052162171649333e-12,5.2214154713972707e-11
33,infer,4.768371586472142e-08,8.130031136261036e-09,0.0,4.371802072581981e-11,3.769728732309794e-08,0.0,0.0,2.700187968929465e-12,4.964855961572357e-11
34,infer,4.768371586472142e-08,8.130023826435994e-09,0.0,3.446712898593863e-11,3.769728732309794e-08,0.0,0.0,2.5138457861267455e-12,4.371802072581981e-11
35,infer,4.768371586472142e-08,8.130018279628998e-09,0.0,3.072268123489754e-11,3.769728732309794e-08,0.0,0.0,1.849367358921889e-12,3.446712898593863e-11
36,infer,4.768371586472142e-08,8.130016564035791e-09,0.0,2.98033802977171e-11,3.769728732309794e-08,0.0,0.0,1.7995799207030096e-12,3.072268123489754e-11
37,infer,4.768371586472142e-08,8.130015312938169e-09,0.0,2.6925300251397374e-11,3.769728732309794e-08,0.0,0.0,1.881197117722432e-12,2.98033802977171e-11
38,infer,4.768371586472142e-08,8.130014414458538e-09,0.0,2.704046331351776e-11,3.769728732309794e-08,0.0,0.0,1.8828928101616403e-12,2.6925300251397374e-11
39,infer,4.768371586472142e-08,8.130014642631208e-09,0.0,2.7673188919878755e-11,3.769728732309794e-08,0.0,0.0,1.5094748267937405e-12,2.704046331351776e-11
40,infer,4.768371586472142e-08,8.130013684785022e-09,0.0,2.3751309525297143e-11,3.769728732309794e-08,0.0,0.0,1.338567225621958e-12,2.7673188919878755e-11
41,infer,4.768371586472142e-08,8.130011973022523e-09,0.0,2.1600195970491878e-11,3.769728732309794e-08,0.0,0.0,1.352894610562833e-12,2.3751309525297143e-11
42,infer,4.768371586472142e-08,8.130010322971523e-09,0.0,1.6606770025121512e-11,3.769728732309794e-08,0.0,0.0,1.3122887253922027e-12,2.1600195970491878e-11
43,infer,4.768371586472142e-08,8.130008793837842e-09,0.0,1.4130168271895703e-11,3.769728732309794e-08,0.0,0.0,1.1034193082326196e-12,1.6606770025121512e-11
44,infer,4.768371586472142e-08,8.130007944251891e-09,0.0,1.1295041736081343e-11,3.769728732309794e-08,0.0,0.0,9.066158943038414e-13,1.4130168271895703e-11
45,infer,4.768371586472142e-08,8.1300077019208e-09,0.0,1.2550632483843417e-11,3.769728732309794e-08,0.0,0.0,7.316100912021841e-13,1.1295041736081343e-11
46,infer,4.768371586472142e-08,8.130007997388649e-09,0.0,1.3376116416894331e-11,3.769728732309794e-08,0.0,0.0,9.697216829472676e-13,1.2550632483843417e-11
47,infer,4.768371586472142e-08,8.130008443207928e-09,0.0,1.5338597418726452e-11,3.769728732309794e-08,0.0,0.0,1.082056497568615e-12,1.3376116416894331e-11
48,infer,4.768371586472142e-08,8.130009111859206e-09,0.0,1.7210859680300955e-11,3.769728732309794e-08,0.0,0.0,7.848232458988974e-13,1.5338597418726452e-11
49,infer,4.768371586472142e-08,8.1300094340087e-09,0.0,1.7058826561833022e-11,3.769728732309794e-08,0.0,0.0,1.1782205841758034e-12,1.7210859680300955e-11
50,infer,4.768371586472142e-08,8.130009659717244e-09,0.0,1.833272305238377e-11,3.769728732309794e-08,0.0,0.0,9.083908811912815e-13,1.7058826561833022e-11
51,infer,4.768371586472142e-08,8.130009100607824e-09,0.0,1.3908629740108556e-11,3.769728732309794e-08,0.0,0.0,7.683916415431738e-13,1.833272305238377e-11
52,infer,4.768371586472142e-08,8.130008063728406e-09,0.0,1.2454372235009948e-11,3.769728732309794e-08,0.0,0.0,4.880390088998826e-13,1.3908629740108556e-11
53,infer,4.768371586472142e-08,8.130007648988342e-09,0.0,1.0990693550599024e-11,3.769728732309794e-08,0.0,0.0,6.72025466573392e-13,1.2454372235009948e-11
54,infer,4.768371586472142e-08,8.130007309810185e-09,0.0,9.796197327754124e-12,3.769728732309794e-08,0.0,0.0,5.137039382844295e-13,1.0990693550599024e-11
55,infer,4.768371586472142e-08,8.13000712172853e-09,0.0,9.374397992126951e-12,3.769728732309794e-08,0.0,0.0,5.635173071279048e-13,9.796197327754124e-12
56,infer,4.768371586472142e-08,8.130006928766057e-09,0.0,7.88879357842386e-12,3.769728732309794e-08,0.0,0.0,5.676585930173552e-13,9.374397992126951e-12
57,infer,4.768371586472142e-08,8.130006763717477e-09,0.0,7.67943633564161e-12,3.769728732309794e-08,0.0,0.0,6.299011953617509e-13,7.88879357842386e-12
58,infer,4.768371586472142e-08,8.13000663300319e-09,0.0,6.279036005119054e-12,3.769728732309794e-08,0.0,0.0,5.843857130275197e-13,7.67943633564161e-12
59,infer,4.768371586472142e-08,8.130006584839961e-09,0.0,7.118978676293935e-12,3.769728732309794e-08,0.0,0.0,4.184356806305974e-13,6.279036005119054e-12
60,infer,4.768371586472142e-08,8.13000662899589e-09,0.0,6.8637622595341305e-12,3.769728732309794e-08,0.0,0.0,4.684996587033149e-13,7.118978676293935e-12
61,infer,4.768371586472142e-08,8.130006675931754e-09,0.0,7.667112830529784e-12,3.769728732309794e-08,0.0,0.0,5.933163369878443e-13,6.8637622595341305e-12
62,infer,4.768371586472142e-08,8.130006739958524e-09,0.0,7.646562623128321e-12,3.769728732309794e-08,0.0,0.0,3.594421527330093e-13,7.667112830529784e-12
63,infer,4.768371586472142e-08,8.130006831582535e-09,0.0,8.639198628936122e-12,3.769728732309794e-08,0.0,0.0,5.901387452941433e-13,7.646562623128321e-12
64,infer,4.768371586472142e-08,8.130006953184322e-09,0.0,8.923912909954794e-12,3.769728732309794e-08,0.0,0.0,6.834213458650134e-13,8.639198628936122e-12
65,infer,4.768371586472142e-08,8.130006929825178e-09,0.0,8.388903457093103e-12,3.769728732309794e-08,0.0,0.0,8.400676561085942e-13,8.923912909954794e-12
66,infer,4.768371586472142e-08,8.130006910749362e-09,0.0,8.744709028319237e-12,3.769728732309794e-08,0.0,0.0,6.939844560296903e-13,8.388903457093103e-12
67,infer,4.768371586472142e-08,8.130006848211082e-09,0.0,7.718116224222033e-12,3.769728732309794e-08,0.0,0.0,5.588152182645408e-13,8.744709028319237e-12
68,infer,4.768371586472142e-08,8.130006825876735e-09,0.0,8.513842716187718e-12,3.769728732309794e-08,0.0,0.0,6.477536946717458e-13,7.718116224222033e-12
69,infer,4.768371586472142e-08,8.130006877353603e-09,0.0,8.271584047576478e-12,3.769728732309794e-08,0.0,0.0,7.855450245093209e-13,8.513842716187718e-12
70,infer,4.768371586472142e-08,8.130006846252505e-09,0.0,8.18897478580709e-12,3.769728732309794e-08,0.0,0.0,7.769165978494809e-13,8.271584047576478e-12
71,infer,4.768371586472142e-08,8.130006780465684e-09,0.0,7.543149204391291e-12,3.769728732309794e-08,0.0,0.0,7.945524952086572e-13,8.18897478580709e-12
72,infer,4.768371586472142e-08,8.130006757793688e-09,0.0,7.938795168262091e-12,3.769728732309794e-08,0.0,0.0,8.527363773924223e-13,7.543149204391291e-12
73,infer,4.768371586472142e-08,8.130006708927136e-09,0.0,6.969295753091074e-12,3.769728732309794e-08,0.0,0.0,6.650819787280074e-13,7.938795168262091e-12
74,infer,4.768371586472142e-08,8.13000662734456e-09,0.0,6.978372496316276e-12,3.769728732309794e-08,0.0,0.0,7.287417242899451e-13,6.969295753091074e-12
75,infer,4.768371586472142e-08,8.130006609859099e-09,0.0,6.750511861561323e-12,3.769728732309794e-08,0.0,0.0,6.768533536231581e-13,6.978372496316276e-12
76,infer,4.768371586472142e-08,8.13000657843131e-09,0.0,6.573230390614585e-12,3.769728732309794e-08,0.0,0.0,6.737929869549761e-13,6.750511861561323e-12
77,infer,4.768371586472142e-08,8.130006533866863e-09,0.0,6.1505182360169695e-12,3.769728732309794e-08,0.0,0.0,6.23308284443636e-13,6.573230390614585e-12
78,infer,4.768371586472142e-08,8.13000650079604e-09,0.0,6.109517977624174e-12,3.769728732309794e-08,0.0,0.0,7.228769921233602e-13,6.1505182360169695e-12
79,infer,4.768371586472142e-08,8.130006432375824e-09,0.0,5.103707542810429e-12,3.769728732309794e-08,0.0,0.0,5.334619618365944e-13,6.109517977624174e-12
80,infer,4.768371586472142e-08,8.130006327485476e-09,0.0,4.369550231498609e-12,3.769728732309794e-08,0.0,0.0,3.8704725960370184e-13,5.103707542810429e-12
81,infer,4.768371586472142e-08,8.130006289089272e-09,0.0,4.38539056065139e-12,3.769728732309794e-08,0.0,0.0,5.379770145875055e-13,4.369550231498609e-12
82,infer,4.768371586472142e-08,8.130006302382185e-09,0.0,4.628305165241753e-12,3.769728732309794e-08,0.0,0.0,5.321176214552638e-13,4.38539056065139e-12
83,infer,4.768371586472142e-08,8.130006265105129e-09,0.0,3.5819214862901403e-12,3.769728732309794e-08,0.0,0.0,3.6148316030398673e-13,4.628305165241753e-12
84,infer,4.768371586472142e-08,8.130006199474518e-09,0.0,3.1572465644301356e-12,3.769728732309794e-08,0.0,0.0,3.247441659273347e-13,3.5819214862901403e-12
85,infer,4.768371586472142e-08,8.130006170249479e-09,0.0,2.7755723540346686e-12,3.769728732309794e-08,0.0,0.0,3.5973881415013653e-13,3.1572465644301356e-12
86,infer,4.768371586472142e-08,8.13000616644888e-09,0.0,3.0544109356150758e-12,3.769728732309794e-08,0.0,0.0,3.0878825508647327e-13,2.7755723540346686e-12
87,infer,4.768371586472142e-08,8.13000618805508e-09,0.0,3.383025107178738e-12,3.769728732309794e-08,0.0,0.0,3.779137971040185e-13,3.0544109356150758e-12
88,infer,4.768371586472142e-08,8.130006187666801e-09,0.0,3.0509252361275925e-12,3.769728732309794e-08,0.0,0.0,2.840801381116414e-13,3.383025107178738e-12
89,infer,4.768371586472142e-08,8.130006190516845e-09,0.0,3.4547572486514167e-12,3.769728732309794e-08,0.0,0.0,3.015766213883774e-13,3.0509252361275925e-12
90,infer,4.768371586472142e-08,8.130006188008627e-09,0.0,2.9773944245237655e-12,3.769728732309794e-08,0.0,0.0,3.1209838647952643e-13,3.4547572486514167e-12
91,infer,4.768371586472142e-08,8.1300061638984e-09,0.0,2.775431864051201e-12,3.769728732309794e-08,0.0,0.0,3.4838539726834686e-13,2.9773944245237655e-12
92,infer,4.768371586472142e-08,8.130006154817197e-09,0.0,2.6988721836699658e-12,3.769728732309794e-08,0.0,0.0,3.359482212507137e-13,2.775431864051201e-12
93,infer,4.768371586472142e-08,8.130006146655578e-09,0.0,2.512443233930048e-12,3.769728732309794e-08,0.0,0.0,2.547826497366226e-13,2.6988721836699658e-12
94,infer,4.768371586472142e-08,8.130006151827422e-09,0.0,2.8607921517201354e-12,3.769728732309794e-08,0.0,0.0,2.645201442523327e-13,2.512443233930048e-12
95,infer,4.768371586472142e-08,8.130006158409371e-09,0.0,2.7305902727277964e-12,3.769728732309794e-08,0.0,0.0,2.809946767333075e-13,2.8607921517201354e-12
96,infer,4.768371586472142e-08,8.130006162033539e-09,0.0,2.972199169409791e-12,3.769728732309794e-08,0.0,0.0,2.3907979936362196e-13,2.7305902727277964e-12
97,infer,4.768371586472142e-08,8.130006169040738e-09,0.0,2.948276311331907e-12,3.769728732309794e-08,0.0,0.0,2.0488602386379347e-13,2.972199169409791e-12
98,infer,4.768371586472142e-08,8.130006177902324e-09,0.0,3.21970853934391e-12,3.769728732309794e-08,0.0,0.0,2.526939338969698e-13,2.948276311331907e-12
99,infer,4.768371586472142e-08,8.13000618727418e-09,0.0,3.212836353987992e-12,3.769728732309794e-08,0.0,0.0,2.7340095941679956e-13,3.21970853934391e-12
100,infer,4.768371586472142e-08,8.130006178377693e-09,0.0,2.971868100108583e-12,3.769728732309794e-08,0.0,0.0,2.1762829687999492e-13,3.212836353987992e-12
101,infer,4.768371586472142e-08,8.130006150715123e-09,0.0,2.3431697813915186e-12,3.769728732309794e-08,0.0,0.0,2.0691937158210082e-13,2.971868100108583e-12
102,infer,4.768371586472142e-08,8.130006128969216e-09,0.0,2.244403204234442e-12,3.769728732309794e-08,0.0,0.0,1.8506723069045301e-13,2.3431697813915186e-12
103,infer,4.768371586472142e-08,8.130006121135976e-09,0.0,2.0315648116210413e-12,3.769728732309794e-08,0.0,0.0,1.6192187942399658e-13,2.244403204234442e-12
104,infer,4.768371586472142e-08,8.130006116235647e-09,0.0,2.0475567106037772e-12,3.769728732309794e-08,0.0,0.0,1.0307204922439552e-13,2.0315648116210413e-12
105,infer,4.768371586472142e-08,8.13000611234733e-09,0.0,1.8554772771787506e-12,3.769728732309794e-08,0.0,0.0,1.3047905143860022e-13,2.0475567106037772e-12
106,infer,4.768371586472142e-08,8.130006109587537e-09,0.0,1.926300988075227e-12,3.769728732309794e-08,0.0,0.0,1.2766142091067426e-13,1.8554772771787506e-12
107,infer,4.768371586472142e-08,8.130006113655042e-09,0.0,2.038017730225251e-12,3.769728732309794e-08,0.0,0.0,1.290109683185956e-13,1.926300988075227e-12
108,infer,4.768371586472142e-08,8.130006114061079e-09,0.0,1.9458210492506253e-12,3.769728732309794e-08,0.0,0.0,1.0245159124116508e-13,2.038017730225251e-12
109,infer,4.768371586472142e-08,8.130006111717891e-09,0.0,1.9347346616590655e-12,3.769728732309794e-08,0.0,0.0,1.0716087967486525e-13,1.9458210492506253e-12
110,infer,4.768371586472142e-08,8.130006109826819e-09,0.0,1.859472668542084e-12,3.769728732309794e-08,0.0,0.0,9.411379272566478e-14,1.9347346616590655e-12
111,infer,4.768371586472142e-08,8.130006106372185e-09,0.0,1.7710263961189935e-12,3.769728732309794e-08,0.0,0.0,1.1227216136826864e-13,1.859472668542084e-12
112,infer,4.768371586472142e-08,8.130006104642966e-09,0.0,1.7754401779415638e-12,3.769728732309794e-08,0.0,0.0,1.2984753186961133e-13,1.7710263961189935e-12
113,infer,4.768371586472142e-08,8.130006102415408e-09,0.0,1.6571465870905245e-12,3.769728732309794e-08,0.0,0.0,1.3504969304943367e-13,1.7754401779415638e-12
114,infer,4.768371586472142e-08,8.130006099903987e-09,0.0,1.6488640437904275e-12,3.769728732309794e-08,0.0,0.0,1.0411471725426774e-13,1.6571465870905245e-12
115,infer,4.768371586472142e-08,8.130006096363953e-09,0.0,1.4590754215106503e-12,3.769728732309794e-08,0.0,0.0,9.368552674233497e-14,1.6488640437904275e-12
116,infer,4.768371586472142e-08,8.130006093678314e-09,0.0,1.498792124909362e-12,3.769728732309794e-08,0.0,0.0,1.1267063294197334e-13,1.4590754215106503e-12
117,infer,4.768371586472142e-08,8.13000609415456e-09,0.0,1.4892488946791836e-12,3.769728732309794e-08,0.0,0.0,7.12294695634975e-14,1.498792124909362e-12
118,infer,4.768371586472142e-08,8.130006090498622e-09,0.0,1.2677686742810431e-12,3.769728732309794e-08,0.0,0.0,7.216330230532679e-14,1.4892488946791836e-12
119,infer,4.768371586472142e-08,8.130006088206015e-09,0.0,1.3476448992159114e-12,3.769728732309794e-08,0.0,0.0,8.069860381621192e-14,1.2677686742810431e-12
120,infer,4.768371586472142e-08,8.130006088658187e-09,0.0,1.2996629310527394e-12,3.769728732309794e-08,0.0,0.0,5.2096459509182067e-14,1.3476448992159114e-12
121,infer,4.768371586472142e-08,8.130006086724856e-09,0.0,1.2148828857169892e-12,3.769728732309794e-08,0.0,0.0,7.576173622618694e-14,1.2996629310527394e-12
122,infer,4.768371586472142e-08,8.130006085617785e-09,0.0,1.2231815269137542e-12,3.769728732309794e-08,0.0,0.0,7.066534793154007e-14,1.2148828857169892e-12
123,infer,4.768371586472142e-08,8.130006086966981e-09,0.0,1.3080552606348976e-12,3.769728732309794e-08,0.0,0.0,7.754685557215627e-14,1.2231815269137542e-12
124,infer,4.768371586472142e-08,8.130006089227919e-09,0.0,1.3746809568535067e-12,3.769728732309794e-08,0.0,0.0,9.04531216131884e-14,1.3080552606348976e-12
125,infer,4.768371586472142e-08,8.130006089422341e-09,0.0,1.321184005079791e-12,3.769728732309794e-08,0.0,0.0,8.642332702289452e-14,1.3746809568535067e-12
126,infer,4.768371586472142e-08,8.13000608610514e-09,0.0,1.145420484202247e-12,3.769728732309794e-08,0.0,0.0,6.861279631986737e-14,1.321184005079791e-12
127,infer,4.768371586472142e-08,8.130006082185103e-09,0.0,1.0295336245631097e-12,3.769728732309794e-08,0.0,0.0,7.224686153764931e-14,1.145420484202247e-12
128,infer,4.768371586472142e-08,8.130006079661162e-09,0.0,9.340196838222848e-13,3.769728732309794e-08,0.0,0.0,5.5826334033173246e-14,1.0295336245631097e-12
129,infer,4.768371586472142e-08,8.130006078607161e-09,0.0,9.360073839136014e-13,3.769728732309794e-08,0.0,0.0,5.0767625945107997e-14,9.340196838222848e-13
130,infer,4.768371586472142e-08,8.130006078215066e-09,0.0,8.965066841861828e-13,3.769728732309794e-08,0.0,0.0,5.247548098909572e-14,9.360073839136014e-13
131,infer,4.768371586472142e-08,8.130006077422636e-09,0.0,8.595983524466289e-13,3.769728732309794e-08,0.0,0.0,3.168071014839615e-14,8.965066841861828e-13
132,infer,4.768371586472142e-08,8.130006077410693e-09,0.0,8.952207843831217e-13,3.769728732309794e-08,0.0,0.0,3.5952775769419333e-14,8.595983524466289e-13
133,infer,4.768371586472142e-08,8.130006078003493e-09,0.0,9.17711237196497e-13,3.769728732309794e-08,0.0,0.0,4.169047215566808e-14,8.952207843831217e-13
134,infer,4.768371586472142e-08,8.130006077108866e-09,0.0,8.030462792502651e-13,3.769728732309794e-08,0.0,0.0,4.417914168849526e-14,9.17711237196497e-13
135,infer,4.768371586472142e-08,8.130006074993089e-09,0.0,6.878889517030813e-13,3.769728732309794e-08,0.0,0.0,2.918984235223795e-14,8.030462792502651e-13
136,infer,4.768371586472142e-08,8.130006073868856e-09,0.0,6.696481689370054e-13,3.769728732309794e-08,0.0,0.0,2.7886608185810705e-14,6.878889517030813e-13
137,infer,4.768371586472142e-08,8.130006073419669e-09,0.0,6.283634207967901e-13,3.769728732309794e-08,0.0,0.0,2.3614077419128133e-14,6.696481689370054e-13
138,infer,4.768371586472142e-08,8.130006072864111e-09,0.0,5.927393899177927e-13,3.769728732309794e-08,0.0,0.0,2.303476328254649e-14,6.283634207967901e-13
139,infer,4.768371586472142e-08,8.130006072422838e-09,0.0,5.632878591474839e-13,3.769728732309794e-08,0.0,0.0,3.292212218280721e-14,5.927393899177927e-13
140,infer,4.768371586472142e-08,8.130006072080493e-09,0.0,5.401553764670135e-13,3.769728732309794e-08,0.0,0.0,2.695453285951995e-14,5.632878591474839e-13
141,infer,4.768371586472142e-08,8.13000607191493e-09,0.0,5.368744358323202e-13,3.769728732309794e-08,0.0,0.0,2.976426796008127e-14,5.401553764670135e-13
142,infer,4.768371586472142e-08,8.13000607169228e-09,0.0,5.028298788808838e-13,3.769728732309794e-08,0.0,0.0,3.00274557666403e-14,5.368744358323202e-13
143,infer,4.768371586472142e-08,8.130006071359233e-09,0.0,4.795603725825193e-13,3.769728732309794e-08,0.0,0.0,3.0922449200048534e-14,5.028298788808838e-13
144,infer,4.768371586472142e-08,8.130006071496595e-09,0.0,5.259390695129436e-13,3.769728732309794e-08,0.0,0.0,3.564915237875741e-14,4.795603725825193e-13
145,infer,4.768371586472142e-08,8.130006071540025e-09,0.0,4.876019958783728e-13,3.769728732309794e-08,0.0,0.0,3.198315840984211e-14,5.259390695129436e-13
146,infer,4.768371586472142e-08,8.130006071249355e-09,0.0,4.750307663871284e-13,3.769728732309794e-08,0.0,0.0,3.497218071830845e-14,4.876019958783728e-13
147,infer,4.768371586472142e-08,8.130006070993465e-09,0.0,4.396127331058974e-13,3.769728732309794e-08,0.0,0.0,3.022310409951089e-14,4.750307663871284e-13
148,infer,4.768371586472142e-08,8.130006070776752e-09,0.0,4.330883193673542e-13,3.769728732309794e-08,0.0,0.0,3.451822921832629e-14,4.396127331058974e-13
149,infer,4.768371586472142e-08,8.130006070830046e-09,0.0,4.503467927491847e-13,3.769728732309794e-08,0.0,0.0,2.957672153014539e-14,4.330883193673542e-13
150,infer,4.768371586472142e-08,8.130006070718825e-09,0.0,4.099019659524593e-13,3.769728732309794e-08,0.0,0.0,3.185193497150225e-14,4.503467927491847e-13
151,infer,4.768371586472142e-08,8.130006070642388e-09,0.0,4.3526616926876557e-13,3.769728732309794e-08,0.0,0.0,3.174731015320038e-14,4.099019659524593e-13
152,infer,4.768371586472142e-08,8.130006070767245e-09,0.0,4.3598548977311465e-13,3.769728732309794e-08,0.0,0.0,2.624536126704902e-14,4.3526616926876557e-13
153,infer,4.768371586472142e-08,8.130006070536701e-09,0.0,3.8621948388871125e-13,3.769728732309794e-08,0.0,0.0,2.6072616971483185e-14,4.3598548977311465e-13
154,infer,4.768371586472142e-08,8.13000607023696e-09,0.0,3.7126837193550097e-13,3.769728732309794e-08,0.0,0.0,2.189877571969347e-14,3.8621948388871125e-13
155,infer,4.768371586472142e-08,8.130006069981373e-09,0.0,3.2342726988417166e-13,3.769728732309794e-08,0.0,0.0,1.8056729487193837e-14,3.7126837193550097e-13
156,infer,4.768371586472142e-08,8.130006069779048e-09,0.0,3.1987027140412727e-13,3.769728732309794e-08,0.0,0.0,2.3164834827940093e-14,3.2342726988417166e-13
157,infer,4.768371586472142e-08,8.13000606976534e-09,0.0,3.198094198607288e-13,3.769728732309794e-08,0.0,0.0,2.1087421870805184e-14,3.1987027140412727e-13
158,infer,4.768371586472142e-08,8.130006069753966e-09,0.0,3.169262621010934e-13,3.769728732309794e-08,0.0,0.0,1.7144134923275307e-14,3.198094198607288e-13
159,infer,4.768371586472142e-08,8.130006069808901e-09,0.0,3.344980991669186e-13,3.769728732309794e-08,0.0,0.0,1.6795079407594772e-14,3.169262621010934e-13
160,infer,4.768371586472142e-08,8.130006069689795e-09,0.0,2.8229756293465087e-13,3.769728732309794e-08,0.0,0.0,1.3803009944655426e-14,3.344980991669186e-13
161,infer,4.768371586472142e-08,8.13000606946824e-09,0.0,2.7059207241992133e-13,3.769728732309794e-08,0.0,0.0,1.0642315022549462e-14,2.8229756293465087e-13
162,infer,4.768371586472142e-08,8.130006069392317e-09,0.0,2.5777064144650883e-13,3.769728732309794e-08,0.0,0.0,8.944444768176302e-15,2.7059207241992133e-13
163,infer,4.768371586472142e-08,8.130006069347462e-09,0.0,2.556319622290697e-13,3.769728732309794e-08,0.0,0.0,1.1079847546129684e-14,2.5777064144650883e-13
164,infer,4.768371586472142e-08,8.130006069328251e-09,0.0,2.512278042624595e-13,3.769728732309794e-08,0.0,0.0,9.257772702827743e-15,2.556319622290697e-13
165,infer,4.768371586472142e-08,8.13000606929364e-09,0.0,2.4350284288638764e-13,3.769728732309794e-08,0.0,0.0,9.574714877902288e-15,2.512278042624595e-13
166,infer,4.768371586472142e-08,8.130006069290706e-09,0.0,2.5014180712889224e-13,3.769728732309794e-08,0.0,0.0,1.1554870517054612e-14,2.4350284288638764e-13
167,infer,4.768371586472142e-08,8.130006069283024e-09,0.0,2.406812310622191e-13,3.769728732309794e-08,0.0,0.0,1.2828443561165913e-14,2.5014180712889224e-13
168,infer,4.768371586472142e-08,8.130006069265619e-09,0.0,2.43997888851206e-13,3.769728732309794e-08,0.0,0.0,1.2503933243132012e-14,2.406812310622191e-13
169,infer,4.768371586472142e-08,8.130006069190756e-09,0.0,2.1176397676646328e-13,3.769728732309794e-08,0.0,0.0,1.2389509413192684e-14,2.43997888851206e-13
170,infer,4.768371586472142e-08,8.130006069126002e-09,0.0,2.1967583934094455e-13,3.769728732309794e-08,0.0,0.0,9.93217929610784e-15,2.1176397676646328e-13
171,infer,4.768371586472142e-08,8.130006069130008e-09,0.0,2.1333607387676848e-13,3.769728732309794e-08,0.0,0.0,1.1869700505127084e-14,2.1967583934094455e-13
172,infer,4.768371586472142e-08,8.130006069111145e-09,0.0,2.1198343459521857e-13,3.769728732309794e-08,0.0,0.0,1.310784987520907e-14,2.1333607387676848e-13
173,infer,4.768371586472142e-08,8.13000606907063e-09,0.0,1.9623761278559164e-13,3.769728732309794e-08,0.0,0.0,8.184183387754202e-15,2.1198343459521857e-13
174,infer,4.768371586472142e-08,8.130006069003016e-09,0.0,1.8189426496426602e-13,3.769728732309794e-08,0.0,0.0,1.0528024575472708e-14,1.9623761278559164e-13
175,infer,4.768371586472142e-08,8.130006068933794e-09,0.0,1.6261830510930208e-13,3.769728732309794e-08,0.0,0.0,7.999296611689285e-15,1.8189426496426602e-13
176,infer,4.768371586472142e-08,8.130006068872035e-09,0.0,1.492599392025077e-13,3.769728732309794e-08,0.0,0.0,8.922881507499194e-15,1.6261830510930208e-13
177,infer,4.768371586472142e-08,8.130006068821666e-09,0.0,1.328798891956861e-13,3.769728732309794e-08,0.0,0.0,7.60420032706917e-15,1.492599392025077e-13
178,infer,4.768371586472142e-08,8.130006068772614e-09,0.0,1.1714193781009814e-13,3.769728732309794e-08,0.0,0.0,5.829759287595164e-15,1.328798891956861e-13
179,infer,4.768371586472142e-08,8.130006068749736e-09,0.0,1.1682238640997784e-13,3.769728732309794e-08,0.0,0.0,6.9569588660152225e-15,1.1714193781009814e-13
180,infer,4.768371586472142e-08,8.130006068741795e-09,0.0,1.110801928560832e-13,3.769728732309794e-08,0.0,0.0,6.49400070534355e-15,1.1682238640997784e-13
181,infer,4.768371586472142e-08,8.130006068742101e-09,0.0,1.1704045220401684e-13,3.769728732309794e-08,0.0,0.0,6.7502753037651816e-15,1.110801928560832e-13
182,infer,4.768371586472142e-08,8.130006068750327e-09,0.0,1.173594873206203e-13,3.769728732309794e-08,0.0,0.0,7.065930584139099e-15,1.1704045220401684e-13
183,infer,4.768371586472142e-08,8.130006068760958e-09,0.0,1.2472995046767982e-13,3.769728732309794e-08,0.0,0.0,6.984579068096028e-15,1.173594873206203e-13
184,infer,4.768371586472142e-08,8.130006068775736e-09,0.0,1.2789377638185896e-13,3.769728732309794e-08,0.0,0.0,6.934471305436989e-15,1.2472995046767982e-13
185,infer,4.768371586472142e-08,8.13000606875624e-09,0.0,1.1025911579026877e-13,3.769728732309794e-08,0.0,0.0,6.212480312854712e-15,1.2789377638185896e-13
186,infer,4.768371586472142e-08,8.130006068730693e-09,0.0,1.0899360806714783e-13,3.769728732309794e-08,0.0,0.0,7.33538447637989e-15,1.1025911579026877e-13
187,infer,4.768371586472142e-08,8.13000606872329e-09,0.0,1.0428074726553252e-13,3.769728732309794e-08,0.0,0.0,6.198999422507165e-15,1.0899360806714783e-13
188,infer,4.768371586472142e-08,8.130006068718993e-09,0.0,1.0549564564458216e-13,3.769728732309794e-08,0.0,0.0,6.182234230239434e-15,1.0428074726553252e-13
189,infer,4.768371586472142e-08,8.1300060687084e-09,0.0,9.494860313496412e-14,3.769728732309794e-08,0.0,0.0,6.934742678730727e-15,1.0549564564458216e-13
190,infer,4.768371586472142e-08,8.130006068693405e-09,0.0,9.232092021496717e-14,3.769728732309794e-08,0.0,0.0,5.288520610614476e-15,9.494860313496412e-14
191,infer,4.768371586472142e-08,8.13000606868954e-09,0.0,9.126980239261272e-14,3.769728732309794e-08,0.0,0.0,6.39595391384191e-15,9.232092021496717e-14
192,infer,4.768371586472142e-08,8.130006068682139e-09,0.0,8.504782021991676e-14,3.769728732309794e-08,0.0,0.0,6.003573914444067e-15,9.126980239261272e-14
193,infer,4.768371586472142e-08,8.130006068676529e-09,0.0,8.572571483545372e-14,3.769728732309794e-08,0.0,0.0,6.050044662211655e-15,8.504782021991676e-14
194,infer,4.768371586472142e-08,8.130006068674461e-09,0.0,8.29395997796573e-14,3.769728732309794e-08,0.0,0.0,5.199544988050357e-15,8.572571483545372e-14
195,infer,4.768371586472142e-08,8.130006068669935e-09,0.0,8.10040131089053e-14,3.769728732309794e-08,0.0,0.0,4.659797179208714e-15,8.29395997796573e-14
196,infer,4.768371586472142e-08,8.130006068667478e-09,0.0,8.031350620219178e-14,3.769728732309794e-08,0.0,0.0,4.60197794002497e-15,8.10040131089053e-14
197,infer,4.768371586472142e-08,8.130006068666039e-09,0.0,7.940382192283367e-14,3.769728732309794e-08,0.0,0.0,5.268222561880994e-15,8.031350620219178e-14
198,infer,4.768371586472142e-08,8.130006068662113e-09,0.0,7.594851280949826e-14,3.769728732309794e-08,0.0,0.0,4.7118069926555355e-15,7.940382192283367e-14
199,infer,4.768371586472142e-08,8.130006068660397e-09,0.0,7.751635063888866e-14,3.769728732309794e-08,0.0,0.0,4.117764158856921e-15,7.594851280949826e-14
200,learn,4.768371586472142e-08,8.130006068665236e-09,0.0,8.132763616259188e-14,3.769728732309794e-08,0.0,0.0,4.11398397362501e-15,7.751635063888866e-14
201,learn,4.768371586472142e-08,8.130006068668704e-09,0.0,8.132763616259188e-14,3.769728732309794e-08,5.575681189765694e-17,0.0,4.11398397362501e-15,8.132763616259188e-14
202,learn,4.768371586472142e-08,8.130006068663774e-09,0.0,8.132763616259188e-14,3.769728732309794e-08,1.1053106595184079e-16,0.0,4.4874136976038715e-15,7.581607591915986e-14
203,learn,4.768371586472142e-08,8.13000606866386e-09,0.0,8.132763616259188e-14,3.769728732309794e-08,1.644887753776249e-16,0.0,4.614217758684605e-15,7.588283119372442e-14
204,learn,4.768371586472142e-08,8.130006068660894e-09,0.0,8.132763616259188e-14,3.769728732309794e-08,2.179104318995695e-16,0.0,4.685763120566008e-15,7.235083539143678e-14
205,learn,4.768371586472142e-08,8.13000606866609e-09,0.0,8.132763616259188e-14,3.769728732309794e-08,2.712157540947495e-16,0.0,4.431691195040211e-15,7.834821967046999e-14
206,learn,4.768371586472142e-08,8.130006068667253e-09,0.0,8.132763616259188e-14,3.769728732309794e-08,3.236603840312117e-16,0.0,4.291115711577934e-15,7.957358336998524e-14
207,learn,4.768371586472142e-08,8.130006068670424e-09,0.0,8.132763616259188e-14,3.769728732309794e-08,3.7596204499117736e-16,0.0,4.756453014438978e-15,8.290432234054164e-14
208,learn,4.768371586472142e-08,8.130006068667122e-09,0.0,8.132763616259188e-14,3.769728732309794e-08,4.2694319553280825e-16,0.0,4.2246624449818845e-15,7.931712503151801e-14
209,learn,4.768371586472142e-08,8.130006068663736e-09,0.0,8.132763616259188e-14,3.769728732309794e-08,4.770610462373667e-16,0.0,4.255068069827232e-15,7.544387629821934e-14
210,learn,4.768371586472142e-08,8.130006068663951e-09,0.0,8.132763616259188e-14,3.769728732309794e-08,5.270438984917202e-16,0.0,4.706230837037224e-15,7.558328254126793e-14
211,learn,4.768371586472142e-08,8.130006068660052e-09,0.0,8.132763616259188e-14,3.769728732309794e-08,5.762960086350661e-16,0.0,4.459079769165218e-15,7.083013077407849e-14
212,learn,4.768371586472142e-08,8.130006068667266e-09,0.0,8.132763616259188e-14,3.769728732309794e-08,6.254123224409418e-16,0.0,4.232929720875959e-15,7.921511591873565e-14
213,learn,4.768371586472142e-08,8.130006068663953e-09,0.0,8.132763616259188e-14,3.769728732309794e-08,6.742479116658703e-16,0.0,4.418753730377526e-15,7.52344280462527e-14
214,learn,4.768371586472142e-08,8.13000606865938e-09,0.0,8.132763616259188e-14,3.769728732309794e-08,7.220001980362798e-16,0.0,4.486673084568848e-15,6.962626402607493e-14
215,learn,4.768371586472142e-08,8.1300060686653e-09,0.0,8.132763616259188e-14,3.769728732309794e-08,7.696135126417234e-16,0.0,4.196673100039191e-15,7.655324051822142e-14
216,learn,4.768371586472142e-08,8.130006068658038e-09,0.0,8.132763616259188e-14,3.769728732309794e-08,8.168400369909927e-16,0.0,4.377748848977202e-15,6.776526326597984e-14
217,learn,4.768371586472142e-08,8.130006068662106e-09,0.0,8.132763616259188e-14,3.769728732309794e-08,8.63430184107681e-16,0.0,4.205448851277431e-15,7.272520236374962e-14
218,learn,4.768371586472142e-08,8.130006068657123e-09,0.0,8.132763616259188e-14,3.769728732309794e-08,9.100231327557219e-16,0.0,3.882701846719253e-15,6.614653854138728e-14
219,learn,4.768371586472142e-08,8.130006068660318e-09,0.0,8.132763616259188e-14,3.769728732309794e-08,9.564744144144805e-16,0.0,3.698595105620537e-15,7.022117478443357e-14
220,learn,4.768371586472142e-08,8.130006068657233e-09,0.0,8.132763616259188e-14,3.769728732309794e-08,1.0016274422738603e-15,0.0,3.933641913589188e-15,6.615376370633856e-14
221,learn,4.768371586472142e-08,8.130006068662528e-09,0.0,8.132763616259188e-14,3.769728732309794e-08,1.0466476051262972e-15,0.0,3.8695257264154984e-15,7.253137702621134e-14
222,learn,4.768371586472142e-08,8.13000606865695e-09,0.0,8.132763616259188e-14,3.769728732309794e-08,1.0912791828214673e-15,0.0,3.982054656842928e-15,6.532018725870513e-14
223,learn,4.768371586472142e-08,8.130006068655252e-09,0.0,8.132763616259188e-14,3.769728732309794e-08,1.135416823330195e-15,0.0,4.530844882482597e-15,6.274031222205867e-14
224,learn,4.768371586472142e-08,8.130006068655285e-09,0.0,8.132763616259188e-14,3.769728732309794e-08,1.1789881698913577e-15,0.0,4.157855798812277e-15,6.227504517650427e-14
225,learn,4.768371586472142e-08,8.130006068654754e-09,0.0,8.132763616259188e-14,3.769728732309794e-08,1.2224259823270012e-15,0.0,3.845759162389276e-15,6.090377103951406e-14
226,learn,4.768371586472142e-08,8.130006068654958e-09,0.0,8.132763616259188e-14,3.769728732309794e-08,1.2651634761465943e-15,0.0,3.91644697511623e-15,6.093433018830692e-14
227,learn,4.768371586472142e-08,8.130006068656991e-09,0.0,8.132763616259188e-14,3.769728732309794e-08,1.307758889772771e-15,0.0,4.264307943974191e-15,6.328605244533496e-14
228,learn,4.768371586472142e-08,8.130006068657396e-09,0.0,8.132763616259188e-14,3.769728732309794e-08,1.34981348073592e-15,0.0,3.870296023513828e-15,6.314910253771719e-14
229,learn,4.768371586472142e-08,8.13000606865339e-09,0.0,8.132763616259188e-14,3.769728732309794e-08,1.3917341862793248e-15,0.0,3.953029154930219e-15,5.711006638796945e-14
230,learn,4.768371586472142e-08,8.130006068655307e-09,0.0,8.132763616259188e-14,3.769728732309794e-08,1.4333048837676783e-15,0.0,3.913458483065897e-15,5.896930547261778e-14
231,learn,4.768371586472142e-08,8.130006068653783e-09,0.0,8.132763616259188e-14,3.769728732309794e-08,1.4747333094855006e-15,0.0,3.63436333188335e-15,5.692555794483207e-14
232,learn,4.768371586472142e-08,8.13000606865271e-09,0.0,8.132763616259188e-14,3.769728732309794e-08,1.515264241131469e-15,0.0,3.973491672659378e-15,5.544976070514629e-14
233,learn,4.768371586472142e-08,8.13000606865374e-09,0.0,8.132763616259188e-14,3.769728732309794e-08,1.5557974626667636e-15,0.0,3.4570503201069593e-15,5.674345110289861e-14
234,learn,4.768371586472142e-08,8.130006068651795e-09,0.0,8.132763616259188e-14,3.769728732309794e-08,1.5958068454151217e-15,0.0,3.7417170337964705e-15,5.3051190745175005e-14
235,learn,4.768371586472142e-08,8.130006068651277e-09,0.0,8.132763616259188e-14,3.769728732309794e-08,1.6356747578045543e-15,0.0,3.667475817912376e-15,5.2881714183873334e-14
236,learn,4.768371586472142e-08,8.130006068650549e-09,0.0,8.132763616259188e-14,3.769728732309794e-08,1.6753937866955409e-15,0.0,3.5492447710247106e-15,5.1608182908948954e-14
237,learn,4.768371586472142e-08,8.130006068651925e-09,0.0,8.132763616259188e-14,3.769728732309794e-08,1.714764357756155e-15,0.0,3.333713300261171e-15,5.3057981425155494e-14
238,learn,4.768371586472142e-08,8.130006068650461e-09,0.0,8.132763616259188e-14,3.769728732309794e-08,1.754002316849802e-15,0.0,3.599106641746035e-15,5.090731789638935e-14
239,learn,4.768371586472142e-08,8.130006068653035e-09,0.0,8.132763616259188e-14,3.769728732309794e-08,1.792865666208514e-15,0.0,3.2189523211497844e-15,5.435787590406456e-14
240,learn,4.768371586472142e-08,8.13000606864978e-09,0.0,8.132763616259188e-14,3.769728732309794e-08,1.830350848287963e-15,0.0,3.4192235341308683e-15,4.992634214714174e-14
241,learn,4.768371586472142e-08,8.130006068654498e-09,0.0,8.132763616259188e-14,3.769728732309794e-08,1.867840024569464e-15,0.0,3.520379019112187e-15,5.662419667501972e-14
242,learn,4.768371586472142e-08,8.130006068651864e-09,0.0,8.132763616259188e-14,3.769728732309794e-08,1.9042165292951897e-15,0.0,3.2655977399651825e-15,5.2261533942055325e-14
243,learn,4.768371586472142e-08,8.130006068652766e-09,0.0,8.132763616259188e-14,3.769728732309794e-08,1.9404628743423226e-15,0.0,3.0690529366964062e-15,5.3286893434964786e-14
244,learn,4.768371586472142e-08,8.130006068650721e-09,0.0,8.132763616259188e-14,3.769728732309794e-08,1.9767136584160875e-15,0.0,2.8002535292603288e-15,4.870788216726126e-14
245,learn,4.768371586472142e-08,8.130006068650115e-09,0.0,8.132763616259188e-14,3.769728732309794e-08,2.011928642889963e-15,0.0,2.8858086680740834e-15,4.8048093129451125e-14
246,learn,4.768371586472142e-08,8.130006068650556e-09,0.0,8.132763616259188e-14,3.769728732309794e-08,2.047147656643628e-15,0.0,2.7914019846265797e-15,4.870833052376852e-14
247,learn,4.768371586472142e-08,8.130006068651058e-09,0.0,8.132763616259188e-14,3.769728732309794e-08,2.081625645919263e-15,0.0,2.9093266350424897e-15,4.880883439323137e-14
248,learn,4.768371586472142e-08,8.13000606864961e-09,0.0,8.132763616259188e-14,3.769728732309794e-08,2.1157177087391656e-15,0.0,3.2884483313348756e-15,4.4840811879562997e-14
249,learn,4.768371586472142e-08,8.130006068650494e-09,0.0,8.132763616259188e-14,3.769728732309794e-08,2.1491137617611162e-15,0.0,3.0019861469745536e-15,4.554700497379877e-14
250,learn,4.768371586472142e-08,8.130006068651303e-09,0.0,8.132763616259188e-14,3.769728732309794e-08,2.182369062572969e-15,0.0,2.9398696272037353e-15,4.734663248264486e-14
251,learn,4.768371586472142e-08,8.13000606865181e-09,0.0,8.132763616259188e-14,3.769728732309794e-08,2.2156269621144768e-15,0.0,2.7744459463334505e-15,4.748046947745275e-14
252,learn,4.768371586472142e-08,8.130006068648964e-09,0.0,8.132763616259188e-14,3.769728732309794e-08,2.2488873450909086e-15,0.0,3.0077759568976744e-15,4.270458100448986e-14
253,learn,4.768371586472142e-08,8.130006068651432e-09,0.0,8.132763616259188e-14,3.769728732309794e-08,2.2817995455521697e-15,0.0,2.8218774497015058e-15,4.618444952116529e-14
254,learn,4.768371586472142e-08,8.130006068649244e-09,0.0,8.132763616259188e-14,3.769728732309794e-08,2.3136689154929787e-15,0.0,2.889105749048793e-15,4.3942287972246155e-14
255,learn,4.768371586472142e-08,8.130006068651424e-09,0.0,8.132763616259188e-14,3.769728732309794e-08,2.3450074355388286e-15,0.0,2.7027300102485863e-15,4.7042499301181425e-14
256,learn,4.768371586472142e-08,8.130006068650478e-09,0.0,8.132763616259188e-14,3.769728732309794e-08,2.376348243887633e-15,0.0,2.802343938292117e-15,4.5731892652789686e-14
257,learn,4.768371586472142e-08,8.130006068648863e-09,0.0,8.132763616259188e-14,3.769728732309794e-08,2.40699206395787e-15,0.0,2.8842286746627353e-15,4.457321547333302e-14
258,learn,4.768371586472142e-08,8.130006068651345e-09,0.0,8.132763616259188e-14,3.769728732309794e-08,2.4376376730713873e-15,0.0,2.966525851525556e-15,4.818126899866996e-14
259,learn,4.768371586472142e-08,8.130006068650994e-09,0.0,8.132763616259188e-14,3.769728732309794e-08,2.4682850045912445e-15,0.0,2.9982718976915636e-15,4.747414164858807e-14
260,learn,4.768371586472142e-08,8.130006068651295e-09,0.0,8.132763616259188e-14,3.769728732309794e-08,2.498504101912467e-15,0.0,2.773512075776266e-15,4.710808950336282e-14
261,learn,4.768371586472142e-08,8.130006068652159e-09,0.0,8.132763616259188e-14,3.769728732309794e-08,2.5287247335371093e-15,0.0,2.5509049878490674e-15,4.567599369086698e-14
262,learn,4.768371586472142e-08,8.130006068651288e-09,0.0,8.132763616259188e-14,3.769728732309794e-08,2.5585957915525557e-15,0.0,2.451916116034041e-15,4.2188565464050805e-14
263,learn,4.768371586472142e-08,8.130006068650529e-09,0.0,8.132763616259188e-14,3.769728732309794e-08,2.587331632125948e-15,0.0,2.5153122331001183e-15,3.980355964032337e-14
264,learn,4.768371586472142e-08,8.130006068652372e-09,0.0,8.132763616259188e-14,3.769728732309794e-08,2.6160686398517594e-15,0.0,2.5679674544265564e-15,3.974428371392436e-14
265,learn,4.768371586472142e-08,8.130006068651244e-09,0.0,8.132763616259188e-14,3.769728732309794e-08,2.644655681790522e-15,0.0,2.5965480498817426e-15,3.7316361839317134e-14
266,learn,4.768371586472142e-08,8.130006068651628e-09,0.0,8.132763616259188e-14,3.769728732309794e-08,2.672964679451184e-15,0.0,2.6769241060100644e-15,3.7883798479326763e-14
267,learn,4.768371586472142e-08,8.130006068651482e-09,0.0,8.132763616259188e-14,3.769728732309794e-08,2.7012746307708352e-15,0.0,2.783062020519679e-15,3.851979715304373e-14
268,learn,4.768371586472142e-08,8.130006068652537e-09,0.0,8.132763616259188e-14,3.769728732309794e-08,2.7295855060767954e-15,0.0,2.8656934537468893e-15,3.85708705097713e-14
269,learn,4.768371586472142e-08,8.130006068650514e-09,0.0,8.132763616259188e-14,3.769728732309794e-08,2.7578972769138403e-15,0.0,2.8611083830019648e-15,3.6496695176297504e-14
270,learn,4.768371586472142e-08,8.130006068650068e-09,0.0,8.132763616259188e-14,3.769728732309794e-08,2.7862099159824446e-15,0.0,2.9833745940050493e-15,3.7150968619531073e-14
271,learn,4.768371586472142e-08,8.130006068648986e-09,0.0,8.132763616259188e-14,3.769728732309794e-08,2.81437241422888e-15,0.0,3.090155839788106e-15,3.7738063382936674e-14
272,learn,4.768371586472142e-08,8.130006068652511e-09,0.0,8.132763616259188e-14,3.769728732309794e-08,2.8420411622772574e-15,0.0,3.1087970948598578e-15,4.024978447495356e-14
273,learn,4.768371586472142e-08,8.13000606865222e-09,0.0,8.132763616259188e-14,3.769728732309794e-08,2.868809142993063e-15,0.0,3.04378768815508e-15,3.637372795493703e-14
274,learn,4.768371586472142e-08,8.130006068650814e-09,0.0,8.132763616259188e-14,3.769728732309794e-08,2.8955784856244898e-15,0.0,2.865154654703489e-15,3.448075454172409e-14
275,learn,4.768371586472142e-08,8.130006068651669e-09,0.0,8.132763616259188e-14,3.769728732309794e-08,2.922349152745225e-15,0.0,2.6967513993898418e-15,3.543557640157097e-14
276,learn,4.768371586472142e-08,8.13000606865318e-09,0.0,8.132763616259188e-14,3.769728732309794e-08,2.949121108286085e-15,0.0,2.6366440637387004e-15,3.546490474968709e-14
277,learn,4.768371586472142e-08,8.130006068652355e-09,0.0,8.132763616259188e-14,3.769728732309794e-08,2.975044312977108e-15,0.0,2.3987859218812727e-15,3.350007121225117e-14
278,learn,4.768371586472142e-08,8.130006068652264e-09,0.0,8.132763616259188e-14,3.769728732309794e-08,3.0005725882684165e-15,0.0,2.2407217578709215e-15,3.526876539982643e-14
279,learn,4.768371586472142e-08,8.13000606865273e-09,0.0,8.132763616259188e-14,3.769728732309794e-08,3.025958884089011e-15,0.0,2.430319982698972e-15,3.665935639056835e-14
280,learn,4.768371586472142e-08,8.130006068652428e-09,0.0,8.132763616259188e-14,3.769728732309794e-08,3.051211757739085e-15,0.0,2.256086832966687e-15,3.690830300210904e-14
281,learn,4.768371586472142e-08,8.130006068653027e-09,0.0,8.132763616259188e-14,3.769728732309794e-08,3.076466182053369e-15,0.0,2.200140480700064e-15,3.702808609632397e-14
282,learn,4.768371586472142e-08,8.130006068652442e-09,0.0,8.132763616259188e-14,3.769728732309794e-08,3.101332562662138e-15,0.0,2.1966427899013234e-15,3.7248347352509393e-14
283,learn,4.768371586472142e-08,8.130006068652701e-09,0.0,8.132763616259188e-14,3.769728732309794e-08,3.1246906948279295e-15,0.0,2.266809432965622e-15,3.8228174521673305e-14
284,learn,4.768371586472142e-08,8.130006068654557e-09,0.0,8.132763616259188e-14,3.769728732309794e-08,3.1478994466960074e-15,0.0,2.363730298114757e-15,3.808514413469613e-14
285,learn,4.768371586472142e-08,8.130006068653252e-09,0.0,8.132763616259188e-14,3.769728732309794e-08,3.1711095468288084e-15,0.0,2.1469901221655555e-15,3.536276321930132e-14
286,learn,4.768371586472142e-08,8.130006068653874e-09,0.0,8.132763616259188e-14,3.769728732309794e-08,3.1941773365870898e-15,0.0,2.270398540609277e-15,3.709674618605921e-14
287,learn,4.768371586472142e-08,8.130006068654648e-09,0.0,8.132763616259188e-14,3.769728732309794e-08,3.2172463783124315e-15,0.0,2.4553053686880566e-15,3.6432094348525214e-14
288,learn,4.768371586472142e-08,8.1300060686546e-09,0.0,8.132763616259188e-14,3.769728732309794e-08,3.24018155603709e-15,0.0,2.4027343976471236e-15,3.644903159651601e-14
289,learn,4.768371586472142e-08,8.130006068653327e-09,0.0,8.132763616259188e-14,3.769728732309794e-08,3.2631179164129343e-15,0.0,2.4481550600114377e-15,3.5280287315995263e-14
290,learn,4.768371586472142e-08,8.13000606865281e-09,0.0,8.132763616259188e-14,3.769728732309794e-08,3.286055434675579e-15,0.0,2.4016609084641907e-15,3.617543747970043e-14
291,learn,4.768371586472142e-08,8.130006068652018e-09,0.0,8.132763616259188e-14,3.769728732309794e-08,3.3088432332581326e-15,0.0,2.278145262923811e-15,3.5798391375554017e-14
292,learn,4.768371586472142e-08,8.13000606865426e-09,0.0,8.132763616259188e-14,3.769728732309794e-08,3.3305167926932915e-15,0.0,2.14406408547002e-15,3.849244767011886e-14
293,learn,4.768371586472142e-08,8.130006068655595e-09,0.0,8.132763616259188e-14,3.769728732309794e-08,3.3521919090898444e-15,0.0,2.251144923132449e-15,3.733300635631288e-14
294,learn,4.768371586472142e-08,8.130006068655926e-09,0.0,8.132763616259188e-14,3.769728732309794e-08,3.373334948341201e-15,0.0,2.1090938232203442e-15,3.462309275845713e-14
295,learn,4.768371586472142e-08,8.130006068655811e-09,0.0,8.132763616259188e-14,3.769728732309794e-08,3.394479346415079e-15,0.0,2.3283379206706835e-15,3.412358706040853e-14
296,learn,4.768371586472142e-08,8.130006068655672e-09,0.0,8.132763616259188e-14,3.769728732309794e-08,3.415138825457166e-15,0.0,2.4094276443029225e-15,3.2912718469765664e-14
297,learn,4.768371586472142e-08,8.130006068654523e-09,0.0,8.132763616259188e-14,3.769728732309794e-08,3.4357994723330076e-15,0.0,2.59629680270031e-15,2.9737668136484755e-14
298,learn,4.768371586472142e-08,8.130006068654572e-09,0.0,8.132763616259188e-14,3.769728732309794e-08,3.45646126610078e-15,0.0,2.2418634365662556e-15,2.7512600381717075e-14
299,learn,4.768371586472142e-08,8.13000606865394e-09,0.0,8.132763616259188e-14,3.769728732309794e-08,3.4769731986539643e-15,0.0,2.1682363389865198e-15,2.5001267505925143e-14
300,learn,4.768371586472142e-08,8.13000606865326e-09,0.0,8.132763616259188e-14,3.769728732309794e-08,3.497486222801593e-15,0.0,2.440425323996049e-15,2.482583422281974e-14
301,learn,4.768371586472142e-08,8.13000606865434e-09,0.0,8.132763616259188e-14,3.769728732309794e-08,3.5180003194488106e-15,0.0,2.284001121874363e-15,2.5266050379644565e-14
302,learn,4.768371586472142e-08,8.130006068654438e-09,0.0,8.132763616259188e-14,3.769728732309794e-08,3.5376714930573206e-15,0.0,2.1438586171713207e-15,2.4815225268330848e-14
303,learn,4.768371586472142e-08,8.130006068655438e-09,0.0,8.132763616259188e-14,3.769728732309794e-08,3.557343720234283e-15,0.0,2.296214908985973e-15,2.650835074400696e-14
304,learn,4.768371586472142e-08,8.13000606865574e-09,0.0,8.132763616259188e-14,3.769728732309794e-08,3.577016983597025e-15,0.0,2.4209271089977252e-15,2.7378283446594523e-14
305,learn,4.768371586472142e-08,8.130006068658108e-09,0.0,8.132763616259188e-14,3.769728732309794e-08,3.596556105554769e-15,0.0,2.390014753078901e-15,2.6575219978427082e-14
306,learn,4.768371586472142e-08,8.130006068656544e-09,0.0,8.132763616259188e-14,3.769728732309794e-08,3.615706061808786e-15,0.0,2.2690791520251258e-15,2.3251767949258462e-14
307,learn,4.768371586472142e-08,8.130006068657764e-09,0.0,8.132763616259188e-14,3.769728732309794e-08,3.634706037860547e-15,0.0,2.583176551767731e-15,2.4251863603551944e-14
308,learn,4.768371586472142e-08,8.130006068657797e-09,0.0,8.132763616259188e-14,3.769728732309794e-08,3.6529607298892116e-15,0.0,2.576087689437187e-15,2.5193253997615957e-14
309,learn,4.768371586472142e-08,8.130006068659109e-09,0.0,8.132763616259188e-14,3.769728732309794e-08,3.671216321460443e-15,0.0,2.844773401722861e-15,2.6812555323227585e-14
310,learn,4.768371586472142e-08,8.130006068660468e-09,0.0,8.132763616259188e-14,3.769728732309794e-08,3.689121379460029e-15,0.0,3.1074428549668625e-15,2.9141459400837964e-14
311,learn,4.768371586472142e-08,8.130006068660105e-09,0.0,8.132763616259188e-14,3.769728732309794e-08,3.706883432965542e-15,0.0,3.3504787153924526e-15,2.881254874361191e-14
312,learn,4.768371586472142e-08,8.130006068660184e-09,0.0,8.132763616259188e-14,3.769728732309794e-08,3.724646221919747e-15,0.0,3.2784495654523955e-15,2.8842603103128315e-14
313,learn,4.768371586472142e-08,8.130006068661445e-09,0.0,8.132763616259188e-14,3.769728732309794e-08,3.742409735850552e-15,0.0,2.91831405622736e-15,2.981790801353075e-14
314,learn,4.768371586472142e-08,8.130006068658796e-09,0.0,8.132763616259188e-14,3.769728732309794e-08,3.7601739644833275e-15,0.0,2.770311979106242e-15,3.051567236085434e-14
315,learn,4.768371586472142e-08,8.130006068657297e-09,0.0,8.132763616259188e-14,3.769728732309794e-08,3.777803650086452e-15,0.0,2.492815584348026e-15,2.9876507122853145e-14
316,learn,4.768371586472142e-08,8.130006068657489e-09,0.0,8.132763616259188e-14,3.769728732309794e-08,3.795282959597752e-15,0.0,2.5247596354642877e-15,3.1012238576550876e-14
317,learn,4.768371586472142e-08,8.130006068660108e-09,0.0,8.132763616259188e-14,3.769728732309794e-08,3.812762970092774e-15,0.0,2.871379185208207e-15,3.2177937270854686e-14
318,learn,4.768371586472142e-08,8.13000606866188e-09,0.0,8.132763616259188e-14,3.769728732309794e-08,3.8302436719743215e-15,0.0,2.850306554873929e-15,3.087419794772427e-14
319,learn,4.768371586472142e-08,8.130006068665006e-09,0.0,8.132763616259188e-14,3.769728732309794e-08,3.847725055819224e-15,0.0,3.162516403251909e-15,3.162581859072241e-14
320,learn,4.768371586472142e-08,8.130006068664275e-09,0.0,8.132763616259188e-14,3.769728732309794e-08,3.864816908262554e-15,0.0,3.0561953767749125e-15,3.136855364923398e-14
321,learn,4.768371586472142e-08,8.130006068663863e-09,0.0,8.132763616259188e-14,3.769728732309794e-08,3.881765834771164e-15,0.0,3.214059203597613e-15,2.9957403779344624e-14
322,learn,4.768371586472142e-08,8.130006068666702e-09,0.0,8.132763616259188e-14,3.769728732309794e-08,3.898715563599129e-15,0.0,2.9134836189398793e-15,3.183768425988485e-14
323,learn,4.768371586472142e-08,8.130006068666838e-09,0.0,8.132763616259188e-14,3.769728732309794e-08,3.915288466897029e-15,0.0,3.0937294445488102e-15,2.963713495158369e-14
324,learn,4.768371586472142e-08,8.130006068668128e-09,0.0,8.132763616259188e-14,3.769728732309794e-08,3.931862310191985e-15,0.0,3.2944142507233723e-15,3.0920527406277864e-14
325,learn,4.768371586472142e-08,8.130006068666092e-09,0.0,8.132763616259188e-14,3.769728732309794e-08,3.948437081646884e-15,0.0,2.9076552064076916e-15,3.2614750298887327e-14
326,learn,4.768371586472142e-08,8.130006068663928e-09,0.0,8.132763616259188e-14,3.769728732309794e-08,3.964726823083989e-15,0.0,3.1173098799385077e-15,3.161979296276978e-14
327,learn,4.768371586472142e-08,8.13000606865982e-09,0.0,8.132763616259188e-14,3.769728732309794e-08,3.980666429944311e-15,0.0,2.829161040833459e-15,2.934814648384076e-14
328,learn,4.768371586472142e-08,8.130006068660321e-09,0.0,8.132763616259188e-14,3.769728732309794e-08,3.9966070937575975e-15,0.0,2.5209088865380803e-15,3.0497327497153444e-14
329,learn,4.768371586472142e-08,8.130006068659431e-09,0.0,8.132763616259188e-14,3.769728732309794e-08,4.012151301530783e-15,0.0,2.893946756174433e-15,3.008735643165947e-14
330,learn,4.768371586472142e-08,8.130006068658199e-09,0.0,8.132763616259188e-14,3.769728732309794e-08,4.027696660293139e-15,0.0,3.1802808591043056e-15,2.865261614842431e-14
331,learn,4.768371586472142e-08,8.130006068661775e-09,0.0,8.132763616259188e-14,3.769728732309794e-08,4.043243156768783e-15,0.0,3.1327824777960303e-15,2.6562884496174947e-14
332,learn,4.768371586472142e-08,8.130006068658553e-09,0.0,8.132763616259188e-14,3.769728732309794e-08,4.058647279833891e-15,0.0,2.9717628726214024e-15,2.378592280455023e-14
333,learn,4.768371586472142e-08,8.130006068660374e-09,0.0,8.132763616259188e-14,3.769728732309794e-08,4.0740525585288986e-15,0.0,2.5661484204975456e-15,2.4219278765705655e-14
334,learn,4.768371586472142e-08,8.130006068655995e-09,0.0,8.132763616259188e-14,3.769728732309794e-08,4.089043443586169e-15,0.0,2.7773820305651066e-15,2.0306412791834996e-14
335,learn,4.768371586472142e-08,8.130006068658324e-09,0.0,8.132763616259188e-14,3.769728732309794e-08,4.103336027533033e-15,0.0,2.452813174186544e-15,2.2366221051557427e-14
336,learn,4.768371586472142e-08,8.130006068657204e-09,0.0,8.132763616259188e-14,3.769728732309794e-08,4.1176299759338116e-15,0.0,2.3822713089905492e-15,1.8476773731156444e-14
337,learn,4.768371586472142e-08,8.130006068657737e-09,0.0,8.132763616259188e-14,3.769728732309794e-08,4.131384995242085e-15,0.0,2.336731911709397e-15,2.1629956552761485e-14
338,learn,4.768371586472142e-08,8.130006068657171e-09,0.0,8.132763616259188e-14,3.769728732309794e-08,4.145006374300689e-15,0.0,1.8289290399426357e-15,2.180450500958431e-14
339,learn,4.768371586472142e-08,8.130006068656119e-09,0.0,8.132763616259188e-14,3.769728732309794e-08,4.1586290267652306e-15,0.0,1.7348967682778337e-15,2.1658828772326427e-14
340,learn,4.768371586472142e-08,8.130006068657527e-09,0.0,8.132763616259188e-14,3.769728732309794e-08,4.172252940162472e-15,0.0,1.7673104878732314e-15,2.187750701553664e-14
341,learn,4.768371586472142e-08,8.130006068656543e-09,0.0,8.132763616259188e-14,3.769728732309794e-08,4.185878102180419e-15,0.0,1.3749404159423537e-15,1.9650327166828776e-14
342,learn,4.768371586472142e-08,8.130006068658713e-09,0.0,8.132763616259188e-14,3.769728732309794e-08,4.198758717339979e-15,0.0,1.1417606130623327e-15,2.2901048030247887e-14
343,learn,4.768371586472142e-08,8.130006068657724e-09,0.0,8.132763616259188e-14,3.769728732309794e-08,4.211640487767441e-15,0.0,6.910128554601896e-16,2.2955109851955406e-14
344,learn,4.768371586472142e-08,8.13000606866051e-09,0.0,8.132763616259188e-14,3.769728732309794e-08,4.224523402894585e-15,0.0,6.908677325748642e-16,2.524646600251708e-14
345,learn,4.768371586472142e-08,8.130006068660536e-09,0.0,8.132763616259188e-14,3.769728732309794e-08,4.237263907411351e-15,0.0,4.478288856623526e-16,2.3497971385809797e-14
346,learn,4.768371586472142e-08,8.130006068662273e-09,0.0,8.132763616259188e-14,3.769728732309794e-08,4.250005516346127e-15,0.0,6.180639124699908e-16,2.209143987693159e-14
347,learn,4.768371586472142e-08,8.13000606866024e-09,0.0,8.132763616259188e-14,3.769728732309794e-08,4.262396997718353e-15,0.0,6.229684634445363e-16,2.034050530510475e-14
348,learn,4.768371586472142e-08,8.130006068661206e-09,0.0,8.132763616259188e-14,3.769728732309794e-08,4.274789517183956e-15,0.0,1.0167337344095474e-15,2.5450904958940745e-14
349,learn,4.768371586472142e-08,8.130006068665182e-09,0.0,8.132763616259188e-14,3.769728732309794e-08,4.287032237726905e-15,0.0,1.3696965119398216e-15,2.789313118760383e-14
350,learn,4.768371586472142e-08,8.130006068662626e-09,0.0,8.132763616259188e-14,3.769728732309794e-08,4.299275967894051e-15,0.0,1.2049879868864053e-15,2.6253476283807845e-14
351,learn,4.768371586472142e-08,8.130006068663021e-09,0.0,8.132763616259188e-14,3.769728732309794e-08,4.31152069908409e-15,0.0,1.1115867779921328e-15,2.5071151161324777e-14
352,learn,4.768371586472142e-08,8.13000606866105e-09,0.0,8.132763616259188e-14,3.769728732309794e-08,4.323766422792453e-15,0.0,8.023915272328109e-16,2.452831023216971e-14
353,learn,4.768371586472142e-08,8.130006068661392e-09,0.0,8.132763616259188e-14,3.769728732309794e-08,4.3358781133416946e-15,0.0,7.164556586340903e-16,2.444282840158641e-14
354,learn,4.768371586472142e-08,8.130006068661752e-09,0.0,8.132763616259188e-14,3.769728732309794e-08,4.347990786361667e-15,0.0,1.1276087013406175e-15,2.653205425278937e-14
355,learn,4.768371586472142e-08,8.130006068662603e-09,0.0,8.132763616259188e-14,3.769728732309794e-08,4.360104433664253e-15,0.0,1.3010860522288274e-15,2.8078450772280255e-14
356,learn,4.768371586472142e-08,8.130006068662905e-09,0.0,8.132763616259188e-14,3.769728732309794e-08,4.372219047151427e-15,0.0,1.1967981722445796e-15,2.8203336185665502e-14
357,learn,4.768371586472142e-08,8.130006068661509e-09,0.0,8.132763616259188e-14,3.769728732309794e-08,4.383944859047424e-15,0.0,1.2593630968413493e-15,2.684466945416512e-14
358,learn,4.768371586472142e-08,8.130006068661297e-09,0.0,8.132763616259188e-14,3.769728732309794e-08,4.3956716815649505e-15,0.0,1.3595043392073174e-15,2.591092224261596e-14
359,learn,4.768371586472142e-08,8.130006068664573e-09,0.0,8.132763616259188e-14,3.769728732309794e-08,4.407255979146003e-15,0.0,1.3796225075782557e-15,2.8790752729469e-14
360,learn,4.768371586472142e-08,8.130006068665814e-09,0.0,8.132763616259188e-14,3.769728732309794e-08,4.418841290802161e-15,0.0,1.1935864754661274e-15,2.6285478989958376e-14
361,learn,4.768371586472142e-08,8.130006068662993e-09,0.0,8.132763616259188e-14,3.769728732309794e-08,4.430427608578181e-15,0.0,1.4238069896677909e-15,2.7571970852417234e-14
362,learn,4.768371586472142e-08,8.130006068661895e-09,0.0,8.132763616259188e-14,3.769728732309794e-08,4.442014924601134e-15,0.0,1.4229191304413724e-15,2.8479734901209673e-14
363,learn,4.768371586472142e-08,8.130006068662474e-09,0.0,8.132763616259188e-14,3.769728732309794e-08,4.452819358994031e-15,0.0,1.0846154939247239e-15,2.573215768480333e-14
364,learn,4.768371586472142e-08,8.130006068661456e-09,0.0,8.132763616259188e-14,3.769728732309794e-08,4.463474404537176e-15,0.0,1.1598967039683644e-15,2.6115941184934096e-14
365,learn,4.768371586472142e-08,8.130006068660187e-09,0.0,8.132763616259188e-14,3.769728732309794e-08,4.474130754811599e-15,0.0,1.296701559037238e-15,2.4989776828510915e-14
366,learn,4.768371586472142e-08,8.130006068663043e-09,0.0,8.132763616259188e-14,3.769728732309794e-08,4.484788400516745e-15,0.0,1.681532622091199e-15,2.5156023270858576e-14
367,learn,4.768371586472142e-08,8.13000606866482e-09,0.0,8.132763616259188e-14,3.769728732309794e-08,4.495447332439132e-15,0.0,2.0156748048432342e-15,2.425146497959617e-14
368,learn,4.768371586472142e-08,8.130006068669609e-09,0.0,8.132763616259188e-14,3.769728732309794e-08,4.506107541451345e-15,0.0,1.601080912939636e-15,2.711722596938631e-14
369,learn,4.768371586472142e-08,8.130006068670403e-09,0.0,8.132763616259188e-14,3.769728732309794e-08,4.5166341300586315e-15,0.0,1.6656407278420282e-15,2.5738767046407855e-14
370,learn,4.768371586472142e-08,8.130006068668155e-09,0.0,8.132763616259188e-14,3.769728732309794e-08,4.5271619998157225e-15,0.0,1.3969004081188661e-15,2.9155630779341844e-14
371,learn,4.768371586472142e-08,8.130006068672295e-09,0.0,8.132763616259188e-14,3.769728732309794e-08,4.537691141805455e-15,0.0,1.5448562878180347e-15,3.3286107168034324e-14
372,learn,4.768371586472142e-08,8.130006068668782e-09,0.0,8.132763616259188e-14,3.769728732309794e-08,4.547870535932963e-15,0.0,1.3829442521415428e-15,3.5134684559693095e-14
373,learn,4.768371586472142e-08,8.130006068668363e-09,0.0,8.132763616259188e-14,3.769728732309794e-08,4.558051239250682e-15,0.0,8.982728219489554e-16,4.0224400217724204e-14
374,learn,4.768371586472142e-08,8.130006068670279e-09,0.0,8.132763616259188e-14,3.769728732309794e-08,4.568233243005682e-15,0.0,9.042438253421899e-16,4.1380634755065904e-14
375,learn,4.768371586472142e-08,8.130006068671743e-09,0.0,8.132763616259188e-14,3.769728732309794e-08,4.578273168796154e-15,0.0,9.614592393328779e-16,4.3234661559643254e-14
376,learn,4.768371586472142e-08,8.130006068674282e-09,0.0,8.132763616259188e-14,3.769728732309794e-08,4.588314408537032e-15,0.0,1.0943485109474622e-15,4.772080608455919e-14
377,learn,4.768371586472142e-08,8.13000606868033e-09,0.0,8.132763616259188e-14,3.769728732309794e-08,4.598356953620662e-15,0.0,1.0758529050733035e-15,5.264795725841368e-14
378,learn,4.768371586472142e-08,8.13000606867662e-09,0.0,8.132763616259188e-14,3.769728732309794e-08,4.608400795513307e-15,0.0,1.2026907279454718e-15,5.0729933677543646e-14
379,learn,4.768371586472142e-08,8.13000606867546e-09,0.0,8.132763616259188e-14,3.769728732309794e-08,4.618445925754361e-15,0.0,8.910357508224044e-16,5.4828973233903046e-14
380,learn,4.768371586472142e-08,8.130006068679556e-09,0.0,8.132763616259188e-14,3.769728732309794e-08,4.6283418483110806e-15,0.0,1.119050942840295e-15,5.6489175885487605e-14
381,learn,4.768371586472142e-08,8.130006068676344e-09,0.0,8.132763616259188e-14,3.769728732309794e-08,4.638239094894158e-15,0.0,1.384918535855761e-15,5.1792266125575614e-14
382,learn,4.768371586472142e-08,8.13000606867804e-09,0.0,8.132763616259188e-14,3.769728732309794e-08,4.6477486533546145e-15,0.0,1.1718016074882082e-15,5.123815299111529e-14
383,learn,4.768371586472142e-08,8.130006068675263e-09,0.0,8.132763616259188e-14,3.769728732309794e-08,4.657259632631822e-15,0.0,1.306023457198084e-15,4.728662029803918e-14
384,learn,4.768371586472142e-08,8.13000606867393e-09,0.0,8.132763616259188e-14,3.769728732309794e-08,4.6667720240388175e-15,0.0,1.9058018272444272e-15,4.3603211371733606e-14
385,learn,4.768371586472142e-08,8.130006068676865e-09,0.0,8.132763616259188e-14,3.769728732309794e-08,4.676285818958036e-15,0.0,1.6032645018005461e-15,4.568701364789156e-14
386,learn,4.768371586472142e-08,8.130006068677047e-09,0.0,8.132763616259188e-14,3.769728732309794e-08,4.685101804687594e-15,0.0,1.9206286118160044e-15,4.5058497152986426e-14
387,learn,4.768371586472142e-08,8.130006068674737e-09,0.0,8.132763616259188e-14,3.769728732309794e-08,4.6939193435218684e-15,0.0,2.1577862886681927e-15,4.513690458810293e-14
388,learn,4.768371586472142e-08,8.130006068673278e-09,0.0,8.132763616259188e-14,3.769728732309794e-08,4.702738426724741e-15,0.0,2.428772138511268e-15,4.7487517179319904e-14
389,learn,4.768371586472142e-08,8.130006068677626e-09,0.0,8.132763616259188e-14,3.769728732309794e-08,4.711424464612474e-15,0.0,2.3632058195637295e-15,4.9387330713333626e-14
390,learn,4.768371586472142e-08,8.130006068674985e-09,0.0,8.132763616259188e-14,3.769728732309794e-08,4.720112050673053e-15,0.0,2.028193945649125e-15,4.7998072344693654e-14
391,learn,4.768371586472142e-08,8.13000606867293e-09,0.0,8.132763616259188e-14,3.769728732309794e-08,4.728801176373733e-15,0.0,2.231797766973971e-15,4.931038350887011e-14
392,learn,4.768371586472142e-08,8.13000606867372e-09,0.0,8.132763616259188e-14,3.769728732309794e-08,4.736746894152934e-15,0.0,2.7047788402532113e-15,5.2510541305511445e-14
393,learn,4.768371586472142e-08,8.13000606867364e-09,0.0,8.132763616259188e-14,3.769728732309794e-08,4.744694210203816e-15,0.0,2.6604448791699647e-15,5.459185295340385e-14
394,learn,4.768371586472142e-08,8.130006068674181e-09,0.0,8.132763616259188e-14,3.769728732309794e-08,4.752643116508545e-15,0.0,2.4817546660143916e-15,5.375611733477878e-14
395,learn,4.768371586472142e-08,8.13000606867325e-09,0.0,8.132763616259188e-14,3.769728732309794e-08,4.760450506827942e-15,0.0,2.2155403104443922e-15,5.330550522150205e-14
396,learn,4.768371586472142e-08,8.130006068670282e-09,0.0,8.132763616259188e-14,3.769728732309794e-08,4.768259471191008e-15,0.0,2.2856073178887398e-15,4.963458089392226e-14
397,learn,4.768371586472142e-08,8.130006068666932e-09,0.0,8.132763616259188e-14,3.769728732309794e-08,4.7760700018769694e-15,0.0,2.2158530980010664e-15,5.026712288812046e-14
398,learn,4.768371586472142e-08,8.130006068667288e-09,0.0,8.132763616259188e-14,3.769728732309794e-08,4.783882091213932e-15,0.0,2.685704651889676e-15,5.449787535356898e-14
399,learn,4.768371586472142e-08,8.130006068667576e-09,0.0,8.132763616259188e-14,3.769728732309794e-08,4.791695731578505e-15,0.0,2.6329698540017895e-15,5.639193516112261e-14
400,learn,4.768371586472142e-08,8.13000606866967e-09,0.0,8.132763616259188e-14,3.769728732309794e-08,4.799360617305867e-15,0.0,3.0952221260671e-15,6.033843318992592e-14
401,learn,4.768371586472142e-08,8.13000606867253e-09,0.0,8.132763616259188e-14,3.769728732309794e-08,4.807027053548701e-15,0.0,3.117911598291116e-15,5.936465910469451e-14
402,learn,4.768371586472142e-08,8.130006068670959e-09,0.0,8.132763616259188e-14,3.769728732309794e-08,4.813559868475819e-15,0.0,2.7400919109517177e-15,5.4445180926479464e-14
403,learn,4.768371586472142e-08,8.130006068667246e-09,0.0,8.132763616259188e-14,3.769728732309794e-08,4.8200942345667945e-15,0.0,3.2578988068576497e-15,5.06827374439117e-14
404,learn,4.768371586472142e-08,8.130006068669685e-09,0.0,8.132763616259188e-14,3.769728732309794e-08,4.826630145521659e-15,0.0,2.769900638034089e-15,5.2098464085329625e-14
405,learn,4.768371586472142e-08,8.130006068662751e-09,0.0,8.132763616259188e-14,3.769728732309794e-08,4.832816939009759e-15,0.0,2.9974274509824288e-15,4.5529434815702867e-14
406,learn,4.768371586472142e-08,8.130006068666371e-09,0.0,8.132763616259188e-14,3.769728732309794e-08,4.8390051506758114e-15,0.0,2.6040837180367082e-15,5.037684484299945e-14
407,learn,4.768371586472142e-08,8.130006068664862e-09,0.0,8.132763616259188e-14,3.769728732309794e-08,4.845194775085987e-15,0.0,2.6696799834433526e-15,5.0791750509504e-14
408,learn,4.768371586472142e-08,8.130006068666618e-09,0.0,8.132763616259188e-14,3.769728732309794e-08,4.851385806832951e-15,0.0,2.7742914738158706e-15,5.252637159467742e-14
409,learn,4.768371586472142e-08,8.130006068668519e-09,0.0,8.132763616259188e-14,3.769728732309794e-08,4.85757824053571e-15,0.0,2.522144209229857e-15,5.6744159478825117e-14
410,learn,4.768371586472142e-08,8.130006068665774e-09,0.0,8.132763616259188e-14,3.769728732309794e-08,4.863772070839458e-15,0.0,1.9661772152202725e-15,5.6060970584772326e-14
411,learn,4.768371586472142e-08,8.130006068667837e-09,0.0,8.132763616259188e-14,3.769728732309794e-08,4.869967292415426e-15,0.0,1.7575007167700192e-15,5.719888653553734e-14
412,learn,4.768371586472142e-08,8.13000606867165e-09,0.0,8.132763616259188e-14,3.769728732309794e-08,4.876163899960733e-15,0.0,2.183393444464885e-15,6.163271536339584e-14
413,learn,4.768371586472142e-08,8.13000606867046e-09,0.0,8.132763616259188e-14,3.769728732309794e-08,4.882361888198235e-15,0.0,2.565961137124943e-15,6.27598513177096e-14
414,learn,4.768371586472142e-08,8.130006068667971e-09,0.0,8.132763616259188e-14,3.769728732309794e-08,4.888426465214915e-15,0.0,2.2211561118454015e-15,5.776697706246903e-14
415,learn,4.768371586472142e-08,8.130006068663438e-09,0.0,8.132763616259188e-14,3.769728732309794e-08,4.894102883268405e-15,0.0,2.586941436182932e-15,5.550761935320006e-14
416,learn,4.768371586472142e-08,8.13000606866493e-09,0.0,8.132763616259188e-14,3.769728732309794e-08,4.899780555748376e-15,0.0,2.8383630675344697e-15,5.566454130694989e-14
417,learn,4.768371586472142e-08,8.130006068667629e-09,0.0,8.132763616259188e-14,3.769728732309794e-08,4.905459478299136e-15,0.0,2.2928021704944175e-15,5.620794028453896e-14
418,learn,4.768371586472142e-08,8.130006068666265e-09,0.0,8.132763616259188e-14,3.769728732309794e-08,4.911139646584184e-15,0.0,2.3881598341533217e-15,5.1683017980047606e-14
419,learn,4.768371586472142e-08,8.13000606866865e-09,0.0,8.132763616259188e-14,3.769728732309794e-08,4.9168210562861074e-15,0.0,2.28939711935027e-15,5.458806260522189e-14
420,learn,4.768371586472142e-08,8.130006068664343e-09,0.0,8.132763616259188e-14,3.769728732309794e-08,4.922360268127812e-15,0.0,2.2688569648215823e-15,4.812036087753235e-14
421,learn,4.768371586472142e-08,8.130006068661688e-09,0.0,8.132763616259188e-14,3.769728732309794e-08,4.927900683294014e-15,0.0,2.6026706407357623e-15,4.355038444966946e-14
422,learn,4.768371586472142e-08,8.130006068662386e-09,0.0,8.132763616259188e-14,3.769728732309794e-08,4.9334422977305966e-15,0.0,2.452853676755203e-15,4.2469871189212206e-14
423,learn,4.768371586472142e-08,8.13000606865626e-09,0.0,8.132763616259188e-14,3.769728732309794e-08,4.9389851074007604e-15,0.0,1.9592737524413822e-15,3.606969412192089e-14
424,learn,4.768371586472142e-08,8.130006068658042e-09,0.0,8.132763616259188e-14,3.769728732309794e-08,4.944529108284942e-15,0.0,1.5997277099723763e-15,4.2707512675172633e-14
425,learn,4.768371586472142e-08,8.13000606866191e-09,0.0,8.132763616259188e-14,3.769728732309794e-08,4.949923554435395e-15,0.0,1.5234895704929267e-15,4.1265132461133056e-14
426,learn,4.768371586472142e-08,8.130006068656417e-09,0.0,8.132763616259188e-14,3.769728732309794e-08,4.955319162423668e-15,0.0,1.6716017517224688e-15,3.306091436548309e-14
427,learn,4.768371586472142e-08,8.13000606865466e-09,0.0,8.132763616259188e-14,3.769728732309794e-08,4.960715928458685e-15,0.0,1.4087358420866858e-15,3.299794052777697e-14
428,learn,4.768371586472142e-08,8.130006068661047e-09,0.0,8.132763616259188e-14,3.769728732309794e-08,4.966113848765033e-15,0.0,1.681819472097618e-15,3.611586962426553e-14
429,learn,4.768371586472142e-08,8.13000606865738e-09,0.0,8.132763616259188e-14,3.769728732309794e-08,4.9715129195828934e-15,0.0,2.132232804278044e-15,3.021093294260322e-14
430,learn,4.768371586472142e-08,8.130006068656101e-09,0.0,8.132763616259188e-14,3.769728732309794e-08,4.97691313716796e-15,0.0,2.2284455848071505e-15,2.859050460522035e-14
431,learn,4.768371586472142e-08,8.130006068655682e-09,0.0,8.132763616259188e-14,3.769728732309794e-08,4.9823144977913696e-15,0.0,1.7539716753067897e-15,2.8485447841520153e-14
432,learn,4.768371586472142e-08,8.130006068651637e-09,0.0,8.132763616259188e-14,3.769728732309794e-08,4.98771699773962e-15,0.0,1.7451119628598897e-15,2.7372260889303757e-14
433,learn,4.768371586472142e-08,8.13000606865072e-09,0.0,8.132763616259188e-14,3.769728732309794e-08,4.992736910824815e-15,0.0,1.8587278886916092e-15,3.3488034772601925e-14
434,learn,4.768371586472142e-08,8.130006068653469e-09,0.0,8.132763616259188e-14,3.769728732309794e-08,4.997757953505535e-15,0.0,1.919766772371823e-15,3.8252730198867115e-14
435,learn,4.768371586472142e-08,8.130006068652112e-09,0.0,8.132763616259188e-14,3.769728732309794e-08,5.0027801223806225e-15,0.0,2.2581517993128654e-15,3.983192426233914e-14
436,learn,4.768371586472142e-08,8.130006068653131e-09,0.0,8.132763616259188e-14,3.769728732309794e-08,5.007803414061804e-15,0.0,2.0564779776316934e-15,4.7105097563261176e-14
437,learn,4.768371586472142e-08,8.130006068658033e-09,0.0,8.132763616259188e-14,3.769728732309794e-08,5.012827825173628e-15,0.0,2.420564428861521e-15,5.181587663157521e-14
438,learn,4.768371586472142e-08,8.130006068656971e-09,0.0,8.132763616259188e-14,3.769728732309794e-08,5.0174491303628615e-15,0.0,2.4626065052472403e-15,4.949031801565351e-14
439,learn,4.768371586472142e-08,8.130006068653613e-09,0.0,8.132763616259188e-14,3.769728732309794e-08,5.022071525969989e-15,0.0,2.718560772234371e-15,4.347061334644829e-14
440,learn,4.768371586472142e-08,8.130006068651649e-09,0.0,8.132763616259188e-14,3.769728732309794e-08,5.026695008986866e-15,0.0,3.0527917604939844e-15,4.145078138085205e-14
441,learn,4.768371586472142e-08,8.13000606865066e-09,0.0,8.132763616259188e-14,3.769728732309794e-08,5.031319576415698e-15,0.0,3.175974986082859e-15,4.486224801611168e-14
442,learn,4.768371586472142e-08,8.130006068658515e-09,0.0,8.132763616259188e-14,3.769728732309794e-08,5.0359452252689986e-15,0.0,2.8659079624352014e-15,5.1560749748968854e-14
443,learn,4.768371586472142e-08,8.130006068659795e-09,0.0,8.132763616259188e-14,3.769728732309794e-08,5.040148854614796e-15,0.0,2.920614527151973e-15,5.2379471247835554e-14
444,learn,4.768371586472142e-08,8.130006068661673e-09,0.0,8.132763616259188e-14,3.769728732309794e-08,5.044353504857424e-15,0.0,2.873791201865715e-15,5.6195581324862435e-14
445,learn,4.768371586472142e-08,8.130006068662839e-09,0.0,8.132763616259188e-14,3.769728732309794e-08,5.048559173446148e-15,0.0,2.4918510807420083e-15,6.099273729156508e-14
446,learn,4.768371586472142e-08,8.130006068661375e-09,0.0,8.132763616259188e-14,3.769728732309794e-08,5.0527658578381056e-15,0.0,2.444342245289427e-15,5.800643529760482e-14
447,learn,4.768371586472142e-08,8.130006068662118e-09,0.0,8.132763616259188e-14,3.769728732309794e-08,5.0569735554982855e-15,0.0,2.4524513504357857e-15,5.768129819466778e-14
448,learn,4.768371586472142e-08,8.130006068654412e-09,0.0,8.132763616259188e-14,3.769728732309794e-08,5.061047070014996e-15,0.0,2.490240076139499e-15,4.8871128030267775e-14
449,learn,4.768371586472142e-08,8.130006068656382e-09,0.0,8.132763616259188e-14,3.769728732309794e-08,5.065121566321169e-15,0.0,2.2354503846519135e-15,4.842179739219982e-14
450,learn,4.768371586472142e-08,8.130006068653853e-09,0.0,8.132763616259188e-14,3.769728732309794e-08,5.069197042049392e-15,0.0,2.224168778081023e-15,4.133857305888628e-14
451,learn,4.768371586472142e-08,8.130006068654961e-09,0.0,8.132763616259188e-14,3.769728732309794e-08,5.073273494839288e-15,0.0,1.7513496408480322e-15,4.5080406161630624e-14
452,learn,4.768371586472142e-08,8.130006068660338e-09,0.0,8.132763616259188e-14,3.769728732309794e-08,5.077350922337497e-15,0.0,1.2784670493156113e-15,4.743718907536652e-14
453,learn,4.768371586472142e-08,8.13000606865917e-09,0.0,8.132763616259188e-14,3.769728732309794e-08,5.081429322197649e-15,0.0,1.055918569811045e-15,4.8893062922588913e-14
454,learn,4.768371586472142e-08,8.130006068657841e-09,0.0,8.132763616259188e-14,3.769728732309794e-08,5.0853648741659715e-15,0.0,1.3868227828887382e-15,4.7151479633634724e-14
455,learn,4.768371586472142e-08,8.130006068655161e-09,0.0,8.132763616259188e-14,3.769728732309794e-08,5.0893013739998615e-15,0.0,1.4400533206769576e-15,4.2647992257212076e-14
456,learn,4.768371586472142e-08,8.130006068655856e-09,0.0,8.132763616259188e-14,3.769728732309794e-08,5.092886177062418e-15,0.0,1.943782847145023e-15,4.898411998624876e-14
457,learn,4.768371586472142e-08,8.130006068660392e-09,0.0,8.132763616259188e-14,3.769728732309794e-08,5.0964718537615525e-15,0.0,1.7302442538355434e-15,5.196585744670866e-14
458,learn,4.768371586472142e-08,8.130006068661254e-09,0.0,8.132763616259188e-14,3.769728732309794e-08,5.100058402254593e-15,0.0,1.8028950315703916e-15,5.390407510518182e-14
459,learn,4.768371586472142e-08,8.13000606866624e-09,0.0,8.132763616259188e-14,3.769728732309794e-08,5.1034946519302476e-15,0.0,2.089373799862255e-15,6.12556450465542e-14
460,learn,4.768371586472142e-08,8.130006068666421e-09,0.0,8.132763616259188e-14,3.769728732309794e-08,5.106931732164238e-15,0.0,2.292225369307561e-15,6.520868984982916e-14
461,learn,4.768371586472142e-08,8.130006068664078e-09,0.0,8.132763616259188e-14,3.769728732309794e-08,5.110369641280737e-15,0.0,2.53218094012012e-15,6.480326728609728e-14
462,learn,4.768371586472142e-08,8.130006068668454e-09,0.0,8.132763616259188e-14,3.769728732309794e-08,5.1138083776080235e-15,0.0,2.8060178493697686e-15,7.06044987300219e-14
463,learn,4.768371586472142e-08,8.130006068671331e-09,0.0,8.132763616259188e-14,3.769728732309794e-08,5.117247939478466e-15,0.0,2.9301737548957936e-15,7.245169531699103e-14
464,learn,4.768371586472142e-08,8.130006068669627e-09,0.0,8.132763616259188e-14,3.769728732309794e-08,5.120688325228514e-15,0.0,2.7965103049151944e-15,6.793412465960104e-14
465,learn,4.768371586472142e-08,8.130006068670332e-09,0.0,8.132763616259188e-14,3.769728732309794e-08,5.1241295331986905e-15,0.0,2.5822971737466368e-15,7.17969066866694e-14
466,learn,4.768371586472142e-08,8.130006068671195e-09,0.0,8.132763616259188e-14,3.769728732309794e-08,5.127180000485891e-15,0.0,2.916518984582224e-15,6.739407779851902e-14
467,learn,4.768371586472142e-08,8.130006068670583e-09,0.0,8.132763616259188e-14,3.769728732309794e-08,5.130231195771523e-15,0.0,3.0738808416676354e-15,6.90562793260222e-14
468,learn,4.768371586472142e-08,8.130006068668987e-09,0.0,8.132763616259188e-14,3.769728732309794e-08,5.13328311775743e-15,0.0,2.9378161984700508e-15,6.928480367474711e-14
469,learn,4.768371586472142e-08,8.13000606867331e-09,0.0,8.132763616259188e-14,3.769728732309794e-08,5.136335765148235e-15,0.0,2.5285554131676625e-15,7.369711468950762e-14
470,learn,4.768371586472142e-08,8.13000606867554e-09,0.0,8.132763616259188e-14,3.769728732309794e-08,5.13938913665133e-15,0.0,2.915113123824173e-15,7.460483487841556e-14
471,learn,4.768371586472142e-08,8.130006068673007e-09,0.0,8.132763616259188e-14,3.769728732309794e-08,5.14244323097687e-15,0.0,2.9871343022991466e-15,6.778170604454577e-14
472,learn,4.768371586472142e-08,8.130006068673065e-09,0.0,8.132763616259188e-14,3.769728732309794e-08,5.145498046837768e-15,0.0,2.8987909253365377e-15,6.535264900720609e-14
473,learn,4.768371586472142e-08,8.130006068669685e-09,0.0,8.132763616259188e-14,3.769728732309794e-08,5.148553582949689e-15,0.0,2.532724625543863e-15,6.262718398293411e-14
474,learn,4.768371586472142e-08,8.130006068670651e-09,0.0,8.132763616259188e-14,3.769728732309794e-08,5.1516098380310396e-15,0.0,2.1708067688318955e-15,6.930361725565265e-14
475,learn,4.768371586472142e-08,8.130006068669592e-09,0.0,8.132763616259188e-14,3.769728732309794e-08,5.154666810802968e-15,0.0,1.8076080413730694e-15,6.671196676282019e-14
476,learn,4.768371586472142e-08,8.130006068661092e-09,0.0,8.132763616259188e-14,3.769728732309794e-08,5.1577244999893524e-15,0.0,1.4279978646504604e-15,5.71089481518215e-14
477,learn,4.768371586472142e-08,8.130006068662133e-09,0.0,8.132763616259188e-14,3.769728732309794e-08,5.160782904316798e-15,0.0,9.693935856902652e-16,5.797360116740317e-14
478,learn,4.768371586472142e-08,8.130006068668378e-09,0.0,8.132763616259188e-14,3.769728732309794e-08,5.163842022514628e-15,0.0,1.1186841262403983e-15,5.960661906784004e-14
479,learn,4.768371586472142e-08,8.130006068664244e-09,0.0,8.132763616259188e-14,3.769728732309794e-08,5.166901853314879e-15,0.0,1.4379849539553638e-15,5.34884062073549e-14
480,learn,4.768371586472142e-08,8.130006068666136e-09,0.0,8.132763616259188e-14,3.769728732309794e-08,5.169962395452295e-15,0.0,1.0646642983648464e-15,5.593073256446435e-14
481,learn,4.768371586472142e-08,8.130006068670123e-09,0.0,8.132763616259188e-14,3.769728732309794e-08,5.1730236476643185e-15,0.0,1.5845912052673958e-15,5.800552903258484e-14
482,learn,4.768371586472142e-08,8.130006068664773e-09,0.0,8.132763616259188e-14,3.769728732309794e-08,5.1760856086910905e-15,0.0,2.0307176097478122e-15,4.991579555260398e-14
483,learn,4.768371586472142e-08,8.13000606866353e-09,0.0,8.132763616259188e-14,3.769728732309794e-08,5.179148277275435e-15,0.0,1.7860166892589255e-15,4.994425235292076e-14
484,learn,4.768371586472142e-08,8.130006068666459e-09,0.0,8.132763616259188e-14,3.769728732309794e-08,5.18221165216286e-15,0.0,2.3193935611252144e-15,5.912576977273523e-14
485,learn,4.768371586472142e-08,8.130006068661585e-09,0.0,8.132763616259188e-14,3.769728732309794e-08,5.1852757321015504e-15,0.0,2.877424096751249e-15,5.476461266141887e-14
486,learn,4.768371586472142e-08,8.130006068657017e-09,0.0,8.132763616259188e-14,3.769728732309794e-08,5.1883405158423584e-15,0.0,2.589905666830721e-15,4.87051210438816e-14
487,learn,4.768371586472142e-08,8.130006068659603e-09,0.0,8.132763616259188e-14,3.769728732309794e-08,5.1914060021388e-15,0.0,2.1249458013841767e-15,5.2078502447581725e-14
488,learn,4.768371586472142e-08,8.130006068658296e-09,0.0,8.132763616259188e-14,3.769728732309794e-08,5.194472189747049e-15,0.0,1.728124244128494e-15,5.3674616156422183e-14
489,learn,4.768371586472142e-08,8.130006068657175e-09,0.0,8.132763616259188e-14,3.769728732309794e-08,5.1975390774259285e-15,0.0,1.7222933966792033e-15,5.080179301578238e-14
490,learn,4.768371586472142e-08,8.130006068658908e-09,0.0,8.132763616259188e-14,3.769728732309794e-08,5.200606663936908e-15,0.0,1.6362983357334869e-15,4.5694814129910393e-14
491,learn,4.768371586472142e-08,8.130006068653517e-09,0.0,8.132763616259188e-14,3.769728732309794e-08,5.203674948044094e-15,0.0,1.7903725172748152e-15,3.8556425353774987e-14
492,learn,4.768371586472142e-08,8.130006068653209e-09,0.0,8.132763616259188e-14,3.769728732309794e-08,5.206743928514227e-15,0.0,1.3995082641172028e-15,3.714195177884199e-14
493,learn,4.768371586472142e-08,8.130006068655826e-09,0.0,8.132763616259188e-14,3.769728732309794e-08,5.209813604116673e-15,0.0,1.3019443700976667e-15,4.23569617957204e-14
494,learn,4.768371586472142e-08,8.130006068657175e-09,0.0,8.132763616259188e-14,3.769728732309794e-08,5.2128839736234185e-15,0.0,1.24248583717045e-15,4.393274794304069e-14
495,learn,4.768371586472142e-08,8.130006068656414e-09,0.0,8.132763616259188e-14,3.769728732309794e-08,5.215243819126963e-15,0.0,1.1288081394384297e-15,4.125225006605555e-14
496,learn,4.768371586472142e-08,8.130006068659893e-09,0.0,8.132763616259188e-14,3.769728732309794e-08,5.2176043275642636e-15,0.0,1.446464845637209e-15,4.5766475524086805e-14
497,learn,4.768371586472142e-08,8.130006068657623e-09,0.0,8.132763616259188e-14,3.769728732309794e-08,5.2199654980359686e-15,0.0,1.1666314222255365e-15,4.55650376367505e-14
498,learn,4.768371586472142e-08,8.130006068660404e-09,0.0,8.132763616259188e-14,3.769728732309794e-08,5.222327329644102e-15,0.0,7.86925940650977e-16,4.563008474308899e-14
499,learn,4.768371586472142e-08,8.130006068661406e-09,0.0,8.132763616259188e-14,3.769728732309794e-08,5.224554010758179e-15,0.0,7.116471587535184e-16,4.03493141967903e-14
